,iso_code,country,EU?,count,total_capacity_gw,max_capacity_mw,count_distinct_fuel,count_distinct_name,count_distinct_owner,count_distinct_source,count_fuel_coal,capacity_gw_fuel_coal,count_fuel_gas,capacity_gw_fuel_gas,count_fuel_oil,capacity_gw_fuel_oil,count_fuel_petcoke,capacity_gw_fuel_petcoke,count_fuel_hydro,capacity_gw_fuel_hydro,count_fuel_nuclear,capacity_gw_fuel_nuclear,count_fuel_wind,capacity_gw_fuel_wind,count_fuel_solar,capacity_gw_fuel_solar,count_fuel_geothermal,capacity_gw_fuel_geothermal,count_fuel_biomass,capacity_gw_fuel_biomass,count_fuel_cogeneration,capacity_gw_fuel_cogeneration,count_fuel_waste,capacity_gw_fuel_waste,count_fuel_wave_and_tidal,capacity_gw_fuel_wave_and_tidal,count_fuel_storage,capacity_gw_fuel_storage,count_fuel_other,capacity_gw_fuel_other,count_null_name,count_null_gppd_idnr,count_null_capacity_mw,count_null_year_of_capacity_data,count_null_owner,count_null_source,count_null_url,count_null_latitude,count_null_longitude,count_null_fuel,count_wepp_id,capacity_gw_wepp_id,count_null_generation_gwh_all,count_generation_gwh_2013,count_generation_gwh_2014,count_generation_gwh_2015,count_generation_gwh_2016,count_generation_gwh_2017,count_generation_gwh_2018,count_generation_gwh_2019,count_generation_data_source,count_estimated_generation_gwh
0,AFG,Afghanistan,False,9,0.30055,100.0,3.0,9.0,1.0,2.0,0.0,0.0,1.0,0.042,0.0,0.0,0.0,0.0,6.0,0.23855,0.0,0.0,0.0,0.0,2.0,0.02,0.0,0.0,0.0,0.0,0.0,0.0,0.0,0.0,0.0,0.0,0.0,0.0,0.0,0.0,0.0,0.0,0.0,2.0,0.0,0.0,0.0,0.0,0.0,0.0,5.0,0.23255,9.0,0.0,0.0,0.0,0.0,0.0,0.0,0.0,0.0,0.0
1,ALB,Albania,False,8,1.529,600.0,2.0,8.0,1.0,1.0,0.0,0.0,0.0,0.0,0.0,0.0,0.0,0.0,7.0,1.431,0.0,0.0,0.0,0.0,0.0,0.0,0.0,0.0,0.0,0.0,0.0,0.0,0.0,0.0,0.0,0.0,0.0,0.0,1.0,0.098,0.0,0.0,0.0,8.0,0.0,0.0,0.0,0.0,0.0,0.0,8.0,1.529,0.0,0.0,0.0,0.0,0.0,0.0,0.0,0.0,0.0,8.0
2,DZA,Algeria,False,59,15.8738,1200.0,4.0,59.0,12.0,2.0,0.0,0.0,31.0,15.179,12.0,6.074,0.0,0.0,1.0,0.024,0.0,0.0,0.0,0.0,28.0,0.8208000000000001,0.0,0.0,0.0,0.0,0.0,0.0,0.0,0.0,0.0,0.0,0.0,0.0,0.0,0.0,0.0,0.0,0.0,59.0,0.0,0.0,0.0,0.0,0.0,0.0,25.0,12.913,0.0,0.0,0.0,0.0,0.0,0.0,0.0,0.0,0.0,59.0
3,ASM,American Samoa,False,0,,,,,,,,,,,,,,,,,,,,,,,,,,,,,,,,,,,,,,,,,,,,,,,,,,,,,,,,,,
4,AGO,Angola,False,14,1.0711799999999998,520.0,3.0,14.0,1.0,1.0,0.0,0.0,3.0,0.16368,6.0,0.1369,0.0,0.0,5.0,0.7706000000000001,0.0,0.0,0.0,0.0,0.0,0.0,0.0,0.0,0.0,0.0,0.0,0.0,0.0,0.0,0.0,0.0,0.0,0.0,0.0,0.0,0.0,0.0,0.0,14.0,0.0,0.0,0.0,0.0,0.0,0.0,9.0,0.83724,0.0,0.0,0.0,0.0,0.0,0.0,0.0,0.0,0.0,14.0
5,ATA,Antarctica,False,2,0.0076,6.6,2.0,2.0,2.0,2.0,0.0,0.0,0.0,0.0,1.0,0.0066,0.0,0.0,0.0,0.0,0.0,0.0,1.0,0.001,0.0,0.0,0.0,0.0,0.0,0.0,0.0,0.0,0.0,0.0,0.0,0.0,0.0,0.0,0.0,0.0,0.0,0.0,0.0,2.0,0.0,0.0,0.0,0.0,0.0,0.0,2.0,0.0076,2.0,0.0,0.0,0.0,0.0,0.0,0.0,0.0,0.0,0.0
6,ATG,Antigua and Barbuda,False,0,,,,,,,,,,,,,,,,,,,,,,,,,,,,,,,,,,,,,,,,,,,,,,,,,,,,,,,,,,
7,ARG,Argentina,False,236,32.913079,1982.2,8.0,236.0,78.0,2.0,14.0,7.45628,64.0,17.404600000000002,102.0,1.4652189999999998,0.0,0.0,53.0,10.012402,3.0,1.763,12.0,0.21168,7.0,0.5157,0.0,0.0,0.0,0.0,0.0,0.0,0.0,0.0,0.0,0.0,0.0,0.0,19.0,11.7712,0.0,0.0,0.0,5.0,0.0,0.0,0.0,0.0,0.0,0.0,154.0,23.463287000000008,0.0,0.0,0.0,0.0,0.0,0.0,0.0,0.0,0.0,236.0
8,ARM,Armenia,False,8,3.271,1110.0,3.0,8.0,6.0,2.0,0.0,0.0,3.0,1.931,0.0,0.0,0.0,0.0,4.0,0.965,1.0,0.375,0.0,0.0,0.0,0.0,0.0,0.0,0.0,0.0,0.0,0.0,0.0,0.0,0.0,0.0,0.0,0.0,0.0,0.0,0.0,0.0,0.0,8.0,0.0,0.0,0.0,0.0,0.0,0.0,3.0,1.643,0.0,0.0,0.0,0.0,0.0,0.0,0.0,0.0,0.0,8.0
9,ABW,Aruba,False,0,,,,,,,,,,,,,,,,,,,,,,,,,,,,,,,,,,,,,,,,,,,,,,,,,,,,,,,,,,
10,AUS,Australia,False,486,65.85201600000002,2640.0,8.0,485.0,197.0,2.0,28.0,25.543,134.0,20.011720000000004,42.0,1.0995699999999995,0.0,0.0,73.0,8.5213,0.0,0.0,65.0,5.73863,69.0,4.15967,0.0,0.0,25.0,0.5895,0.0,0.0,50.0,0.188626,0.0,0.0,0.0,0.0,0.0,0.0,0.0,0.0,0.0,486.0,0.0,0.0,0.0,0.0,0.0,0.0,317.0,53.96519600000001,1.0,217.0,229.0,239.0,247.0,242.0,250.0,0.0,269.0,257.0
11,AUT,Austria,True,103,11.2271,1272.0,3.0,103.0,5.0,5.0,0.0,0.0,3.0,2.067,0.0,0.0,0.0,0.0,96.0,9.0721,0.0,0.0,4.0,0.088,0.0,0.0,0.0,0.0,0.0,0.0,0.0,0.0,0.0,0.0,0.0,0.0,0.0,0.0,0.0,0.0,0.0,0.0,0.0,103.0,0.0,0.0,0.0,0.0,0.0,0.0,75.0,7.729,0.0,0.0,0.0,21.0,19.0,19.0,0.0,0.0,21.0,103.0
12,AZE,Azerbaijan,False,14,5.764,2400.0,3.0,14.0,1.0,1.0,0.0,0.0,8.0,2.39,2.0,3.18,0.0,0.0,5.0,0.974,0.0,0.0,0.0,0.0,0.0,0.0,0.0,0.0,0.0,0.0,0.0,0.0,0.0,0.0,0.0,0.0,0.0,0.0,0.0,0.0,0.0,0.0,0.0,14.0,0.0,0.0,0.0,0.0,0.0,0.0,14.0,5.764,0.0,0.0,0.0,0.0,0.0,0.0,0.0,0.0,0.0,14.0
13,BHS,Bahamas,False,0,,,,,,,,,,,,,,,,,,,,,,,,,,,,,,,,,,,,,,,,,,,,,,,,,,,,,,,,,,
14,BHR,Bahrain,False,8,7.5863,2204.0,3.0,8.0,5.0,3.0,0.0,0.0,6.0,7.574,1.0,0.0073,0.0,0.0,0.0,0.0,0.0,0.0,0.0,0.0,1.0,0.005,0.0,0.0,0.0,0.0,0.0,0.0,0.0,0.0,0.0,0.0,0.0,0.0,0.0,0.0,0.0,0.0,0.0,8.0,0.0,0.0,0.0,0.0,0.0,0.0,4.0,4.165,0.0,0.0,0.0,0.0,0.0,0.0,0.0,0.0,0.0,8.0
15,BGD,Bangladesh,False,57,11.84,1649.0,5.0,57.0,11.0,2.0,1.0,0.25,27.0,8.767,29.0,4.584,0.0,0.0,1.0,0.23,0.0,0.0,0.0,0.0,2.0,0.033,0.0,0.0,0.0,0.0,0.0,0.0,0.0,0.0,0.0,0.0,0.0,0.0,0.0,0.0,0.0,0.0,0.0,57.0,0.0,0.0,0.0,0.0,0.0,0.0,32.0,7.16,0.0,0.0,0.0,0.0,0.0,0.0,0.0,0.0,0.0,57.0
16,BRB,Barbados,False,0,,,,,,,,,,,,,,,,,,,,,,,,,,,,,,,,,,,,,,,,,,,,,,,,,,,,,,,,,,
17,BLR,Belarus,False,24,8.5349,2460.0,2.0,24.0,1.0,2.0,0.0,0.0,17.0,8.302,0.0,0.0,0.0,0.0,0.0,0.0,0.0,0.0,0.0,0.0,7.0,0.2329,0.0,0.0,0.0,0.0,0.0,0.0,0.0,0.0,0.0,0.0,0.0,0.0,0.0,0.0,0.0,0.0,0.0,7.0,0.0,0.0,0.0,0.0,0.0,0.0,16.0,8.122,0.0,0.0,0.0,0.0,0.0,0.0,0.0,0.0,0.0,24.0
18,BEL,Belgium,True,69,13.404800000000003,2910.0,9.0,69.0,1.0,3.0,1.0,0.47,20.0,3.8558,9.0,0.1819999999999999,0.0,0.0,11.0,1.3933000000000002,3.0,5.925800000000001,12.0,0.8753000000000001,3.0,0.1162,0.0,0.0,2.0,0.363,0.0,0.0,8.0,0.2234,0.0,0.0,0.0,0.0,0.0,0.0,0.0,0.0,0.0,69.0,0.0,0.0,0.0,0.0,0.0,0.0,41.0,9.872200000000005,0.0,0.0,0.0,19.0,17.0,17.0,0.0,0.0,21.0,69.0
19,BLZ,Belize,False,0,,,,,,,,,,,,,,,,,,,,,,,,,,,,,,,,,,,,,,,,,,,,,,,,,,,,,,,,,,
20,BEN,Benin,False,2,0.0605,40.5,2.0,2.0,1.0,1.0,0.0,0.0,1.0,0.0405,1.0,0.02,0.0,0.0,0.0,0.0,0.0,0.0,0.0,0.0,0.0,0.0,0.0,0.0,0.0,0.0,0.0,0.0,0.0,0.0,0.0,0.0,0.0,0.0,0.0,0.0,0.0,0.0,0.0,2.0,0.0,0.0,0.0,0.0,0.0,0.0,2.0,0.0605,0.0,0.0,0.0,0.0,0.0,0.0,0.0,0.0,0.0,2.0
21,BMU,Bermuda,False,0,,,,,,,,,,,,,,,,,,,,,,,,,,,,,,,,,,,,,,,,,,,,,,,,,,,,,,,,,,
22,BTN,Bhutan,False,5,1.4822,1020.0,1.0,5.0,1.0,1.0,0.0,0.0,0.0,0.0,0.0,0.0,0.0,0.0,5.0,1.4822,0.0,0.0,0.0,0.0,0.0,0.0,0.0,0.0,0.0,0.0,0.0,0.0,0.0,0.0,0.0,0.0,0.0,0.0,0.0,0.0,0.0,0.0,0.0,0.0,0.0,0.0,0.0,0.0,0.0,0.0,4.0,1.4182,5.0,0.0,0.0,0.0,0.0,0.0,0.0,0.0,0.0,0.0
23,BOL,Bolivia,False,26,1.56312,350.0,3.0,26.0,1.0,2.0,0.0,0.0,9.0,1.05342,0.0,0.0,0.0,0.0,14.0,0.4491,0.0,0.0,0.0,0.0,3.0,0.0606,0.0,0.0,0.0,0.0,0.0,0.0,0.0,0.0,0.0,0.0,0.0,0.0,0.0,0.0,0.0,0.0,0.0,3.0,0.0,0.0,0.0,0.0,0.0,0.0,21.0,1.36452,0.0,0.0,0.0,0.0,0.0,0.0,0.0,0.0,0.0,26.0
24,BIH,Bosnia and Herzegovina,False,20,3.9855,730.0,2.0,20.0,1.0,1.0,4.0,1.78,0.0,0.0,0.0,0.0,0.0,0.0,16.0,2.2055,0.0,0.0,0.0,0.0,0.0,0.0,0.0,0.0,0.0,0.0,0.0,0.0,0.0,0.0,0.0,0.0,0.0,0.0,0.0,0.0,0.0,0.0,0.0,0.0,0.0,0.0,0.0,0.0,0.0,0.0,17.0,3.3115,0.0,0.0,0.0,0.0,0.0,0.0,0.0,0.0,0.0,20.0
25,BWA,Botswana,False,2,0.746,732.0,1.0,2.0,2.0,1.0,2.0,0.746,0.0,0.0,0.0,0.0,0.0,0.0,0.0,0.0,0.0,0.0,0.0,0.0,0.0,0.0,0.0,0.0,0.0,0.0,0.0,0.0,0.0,0.0,0.0,0.0,0.0,0.0,0.0,0.0,0.0,0.0,0.0,2.0,0.0,0.0,0.0,0.0,0.0,0.0,1.0,0.014,0.0,0.0,0.0,0.0,0.0,0.0,0.0,0.0,0.0,2.0
26,BRA,Brazil,False,2360,147.58927132999986,8535.0,10.0,2267.0,1.0,2.0,19.0,2.7928810000000004,118.0,11.286004460000008,627.0,8.281470739999993,0.0,0.0,701.0,98.03938389999996,2.0,1.99,412.0,10.294953999999995,24.0,1.8073686300000005,0.0,0.0,444.0,12.843814599999993,0.0,0.0,12.0,0.106094,0.0,0.0,0.0,0.0,1.0,0.1473,0.0,0.0,0.0,20.0,0.0,0.0,0.0,0.0,0.0,0.0,794.0,100.53156073999992,0.0,0.0,0.0,0.0,0.0,0.0,0.0,0.0,0.0,2360.0
27,VGB,British Virgin Islands,False,0,,,,,,,,,,,,,,,,,,,,,,,,,,,,,,,,,,,,,,,,,,,,,,,,,,,,,,,,,,
28,BRN,Brunei Darussalam,False,4,0.586,246.0,1.0,4.0,1.0,1.0,0.0,0.0,4.0,0.586,0.0,0.0,0.0,0.0,0.0,0.0,0.0,0.0,0.0,0.0,0.0,0.0,0.0,0.0,0.0,0.0,0.0,0.0,0.0,0.0,0.0,0.0,0.0,0.0,0.0,0.0,0.0,0.0,0.0,0.0,0.0,0.0,0.0,0.0,0.0,0.0,3.0,0.34,0.0,0.0,0.0,0.0,0.0,0.0,0.0,0.0,0.0,4.0
29,BGR,Bulgaria,True,43,9.252199999999998,2000.0,5.0,43.0,10.0,3.0,11.0,4.859,0.0,0.0,0.0,0.0,0.0,0.0,7.0,1.958,1.0,2.0,1.0,0.156,23.0,0.2792,0.0,0.0,0.0,0.0,0.0,0.0,0.0,0.0,0.0,0.0,0.0,0.0,0.0,0.0,0.0,0.0,0.0,43.0,0.0,0.0,0.0,0.0,0.0,0.0,16.0,7.899,0.0,0.0,0.0,4.0,0.0,3.0,0.0,0.0,4.0,43.0
30,BFA,Burkina Faso,False,7,0.229306,64.0,3.0,7.0,2.0,2.0,0.0,0.0,0.0,0.0,3.0,0.146406,0.0,0.0,2.0,0.03,0.0,0.0,0.0,0.0,2.0,0.0528999999999999,0.0,0.0,0.0,0.0,0.0,0.0,0.0,0.0,0.0,0.0,0.0,0.0,0.0,0.0,0.0,0.0,0.0,7.0,0.0,0.0,0.0,0.0,0.0,0.0,5.0,0.176406,7.0,0.0,0.0,0.0,0.0,0.0,0.0,0.0,0.0,0.0
31,BDI,Burundi,False,4,0.05717,20.0,2.0,4.0,1.0,2.0,0.0,0.0,0.0,0.0,0.0,0.0,0.0,0.0,3.0,0.04957,0.0,0.0,0.0,0.0,1.0,0.0076,0.0,0.0,0.0,0.0,0.0,0.0,0.0,0.0,0.0,0.0,0.0,0.0,0.0,0.0,0.0,0.0,0.0,4.0,0.0,0.0,0.0,0.0,0.0,0.0,3.0,0.04957,4.0,0.0,0.0,0.0,0.0,0.0,0.0,0.0,0.0,0.0
32,KHM,Cambodia,False,16,1.5175999999999998,405.0,6.0,16.0,6.0,5.0,2.0,0.505,0.0,0.0,3.0,0.0536,0.0,0.0,5.0,0.909,0.0,0.0,0.0,0.0,3.0,0.0228,0.0,0.0,1.0,0.002,0.0,0.0,2.0,0.0252,0.0,0.0,0.0,0.0,0.0,0.0,0.0,0.0,0.0,16.0,0.0,0.0,0.0,0.0,0.0,0.0,4.0,0.471,0.0,0.0,0.0,0.0,0.0,0.0,0.0,0.0,0.0,16.0
33,CMR,Cameroon,False,8,0.88158,396.0,3.0,8.0,1.0,1.0,0.0,0.0,1.0,0.2,4.0,0.0513799999999999,0.0,0.0,3.0,0.6302000000000001,0.0,0.0,0.0,0.0,0.0,0.0,0.0,0.0,0.0,0.0,0.0,0.0,0.0,0.0,0.0,0.0,0.0,0.0,0.0,0.0,0.0,0.0,0.0,8.0,0.0,0.0,0.0,0.0,0.0,0.0,8.0,0.88158,0.0,0.0,0.0,0.0,0.0,0.0,0.0,0.0,0.0,8.0
34,CAN,Canada,False,1159,143.57869999999997,5616.0,10.0,1150.0,471.0,3.0,15.0,9.772,75.0,19.7864,9.0,2.344,0.0,0.0,556.0,80.68300000000004,6.0,14.254,241.0,12.133800000000004,143.0,1.8266,0.0,0.0,111.0,2.7419,0.0,0.0,0.0,0.0,1.0,0.02,0.0,0.0,2.0,0.017,0.0,0.0,0.0,34.0,0.0,0.0,0.0,0.0,0.0,0.0,838.0,124.00629999999995,1.0,0.0,0.0,0.0,0.0,0.0,0.0,0.0,0.0,1158.0
35,CPV,Cape Verde,False,4,0.092805,66.23,2.0,3.0,1.0,3.0,0.0,0.0,0.0,0.0,3.0,0.087805,0.0,0.0,0.0,0.0,0.0,0.0,0.0,0.0,1.0,0.005,0.0,0.0,0.0,0.0,0.0,0.0,0.0,0.0,0.0,0.0,0.0,0.0,0.0,0.0,0.0,0.0,0.0,4.0,0.0,0.0,0.0,0.0,0.0,0.0,3.0,0.087805,4.0,0.0,0.0,0.0,0.0,0.0,0.0,0.0,0.0,0.0
36,CYM,Cayman Islands,False,0,,,,,,,,,,,,,,,,,,,,,,,,,,,,,,,,,,,,,,,,,,,,,,,,,,,,,,,,,,
37,CAF,Central African Republic,False,2,0.033664,19.3,2.0,2.0,1.0,1.0,0.0,0.0,0.0,0.0,1.0,0.014364,0.0,0.0,1.0,0.0193,0.0,0.0,0.0,0.0,0.0,0.0,0.0,0.0,0.0,0.0,0.0,0.0,0.0,0.0,0.0,0.0,0.0,0.0,0.0,0.0,0.0,0.0,0.0,2.0,0.0,0.0,0.0,0.0,0.0,0.0,1.0,0.014364,2.0,0.0,0.0,0.0,0.0,0.0,0.0,0.0,0.0,0.0
38,TCD,Chad,False,0,,,,,,,,,,,,,,,,,,,,,,,,,,,,,,,,,,,,,,,,,,,,,,,,,,,,,,,,,,
39,CHL,Chile,False,315,22.475648666999994,1001.7,8.0,312.0,131.0,2.0,14.0,4.8392686000000005,11.0,2.998107689,76.0,3.1488248780000005,5.0,2.4028775,99.0,6.41,0.0,0.0,18.0,0.8968200000000001,77.0,3.9537500000000008,0.0,0.0,22.0,0.3839,0.0,0.0,0.0,0.0,0.0,0.0,0.0,0.0,0.0,0.0,0.0,0.0,0.0,61.0,0.0,0.0,0.0,0.0,0.0,0.0,194.0,16.332724716999998,0.0,0.0,0.0,0.0,0.0,0.0,0.0,0.0,0.0,315.0
40,CHN,China,False,4235,1415.0673799999995,22500.0,8.0,4227.0,626.0,93.0,946.0,955.718,170.0,59.7745,6.0,1.6125,0.0,0.0,947.0,259.0256,12.0,33.402,835.0,50.99035999999999,1318.0,54.80181999999997,2.0,0.0261,0.0,0.0,0.0,0.0,0.0,0.0,0.0,0.0,0.0,0.0,0.0,0.0,0.0,0.0,0.0,4235.0,0.0,0.0,0.0,0.0,0.0,0.0,1480.0,1016.54608,0.0,0.0,0.0,0.0,0.0,0.0,0.0,0.0,0.0,4235.0
41,COL,Colombia,False,25,10.924,1246.0,5.0,25.0,13.0,3.0,5.0,1.393,5.0,2.553,1.0,0.188,0.0,0.0,12.0,6.694,0.0,0.0,0.0,0.0,2.0,0.096,0.0,0.0,0.0,0.0,0.0,0.0,0.0,0.0,0.0,0.0,0.0,0.0,0.0,0.0,0.0,0.0,0.0,25.0,0.0,0.0,0.0,0.0,0.0,0.0,21.0,10.334,0.0,0.0,0.0,0.0,0.0,0.0,0.0,0.0,0.0,25.0
42,COM,Comoros,False,0,,,,,,,,,,,,,,,,,,,,,,,,,,,,,,,,,,,,,,,,,,,,,,,,,,,,,,,,,,
43,COG,Congo,False,8,0.6259000000000001,300.0,3.0,8.0,1.0,1.0,0.0,0.0,2.0,0.336,2.0,0.0709,0.0,0.0,4.0,0.219,0.0,0.0,0.0,0.0,0.0,0.0,0.0,0.0,0.0,0.0,0.0,0.0,0.0,0.0,0.0,0.0,0.0,0.0,0.0,0.0,0.0,0.0,0.0,8.0,0.0,0.0,0.0,0.0,0.0,0.0,6.0,0.2806,0.0,0.0,0.0,0.0,0.0,0.0,0.0,0.0,0.0,8.0
44,COK,Cook Islands,False,0,,,,,,,,,,,,,,,,,,,,,,,,,,,,,,,,,,,,,,,,,,,,,,,,,,,,,,,,,,
45,CRI,Costa Rica,False,27,1.9684,234.45,4.0,27.0,1.0,2.0,0.0,0.0,0.0,0.0,3.0,0.46645,0.0,0.0,18.0,1.298,0.0,0.0,0.0,0.0,1.0,0.005,5.0,0.19895,0.0,0.0,0.0,0.0,0.0,0.0,0.0,0.0,0.0,0.0,0.0,0.0,0.0,0.0,0.0,1.0,0.0,0.0,0.0,0.0,0.0,0.0,26.0,1.9634,0.0,0.0,0.0,0.0,0.0,0.0,0.0,0.0,0.0,27.0
46,CIV,Cote DIvoire,False,8,1.203,294.0,2.0,8.0,1.0,1.0,0.0,0.0,3.0,0.604,0.0,0.0,0.0,0.0,5.0,0.599,0.0,0.0,0.0,0.0,0.0,0.0,0.0,0.0,0.0,0.0,0.0,0.0,0.0,0.0,0.0,0.0,0.0,0.0,0.0,0.0,0.0,0.0,0.0,0.0,0.0,0.0,0.0,0.0,0.0,0.0,8.0,1.203,0.0,0.0,0.0,0.0,0.0,0.0,0.0,0.0,0.0,8.0
47,HRV,Croatia,True,24,3.2745,522.0,4.0,24.0,1.0,1.0,1.0,0.33,4.0,0.5818,2.0,0.74,0.0,0.0,17.0,1.6227,0.0,0.0,0.0,0.0,0.0,0.0,0.0,0.0,0.0,0.0,0.0,0.0,0.0,0.0,0.0,0.0,0.0,0.0,0.0,0.0,0.0,0.0,0.0,0.0,0.0,0.0,0.0,0.0,0.0,0.0,24.0,3.2745,0.0,0.0,0.0,0.0,0.0,0.0,0.0,0.0,0.0,24.0
48,CUB,Cuba,False,14,3.7968,500.0,4.0,14.0,3.0,5.0,0.0,0.0,2.0,0.411,9.0,3.3666,0.0,0.0,0.0,0.0,0.0,0.0,1.0,0.0101999999999999,2.0,0.009,0.0,0.0,0.0,0.0,0.0,0.0,0.0,0.0,0.0,0.0,0.0,0.0,0.0,0.0,0.0,0.0,0.0,14.0,0.0,0.0,0.0,0.0,0.0,0.0,11.0,3.2878000000000003,0.0,0.0,0.0,0.0,0.0,0.0,0.0,0.0,0.0,14.0
49,CYP,Cyprus,True,3,1.468,868.0,2.0,3.0,1.0,1.0,0.0,0.0,1.0,0.868,2.0,0.6,0.0,0.0,0.0,0.0,0.0,0.0,0.0,0.0,0.0,0.0,0.0,0.0,0.0,0.0,0.0,0.0,0.0,0.0,0.0,0.0,0.0,0.0,0.0,0.0,0.0,0.0,0.0,0.0,0.0,0.0,0.0,0.0,0.0,0.0,2.0,1.008,0.0,0.0,0.0,0.0,0.0,0.0,0.0,0.0,0.0,3.0
50,CZE,Czech Republic,True,462,16.871700000000008,2133.0,6.0,462.0,355.0,27.0,22.0,8.363,3.0,1.32,0.0,0.0,0.0,0.0,8.0,1.827,2.0,4.173,0.0,0.0,427.0,1.1887,0.0,0.0,2.0,0.247,0.0,0.0,0.0,0.0,0.0,0.0,0.0,0.0,0.0,0.0,0.0,0.0,0.0,462.0,0.0,0.0,0.0,0.0,0.0,0.0,44.0,11.5353,450.0,0.0,0.0,11.0,11.0,11.0,0.0,0.0,12.0,0.0
51,COD,Democratic Republic of the Congo,False,15,3.05704,1775.0,3.0,15.0,7.0,5.0,0.0,0.0,1.0,0.025,1.0,0.01324,0.0,0.0,13.0,3.0188,0.0,0.0,0.0,0.0,0.0,0.0,0.0,0.0,0.0,0.0,0.0,0.0,0.0,0.0,0.0,0.0,0.0,0.0,0.0,0.0,0.0,0.0,0.0,15.0,0.0,0.0,0.0,0.0,0.0,0.0,8.0,0.9008,0.0,0.0,0.0,0.0,0.0,0.0,0.0,0.0,0.0,15.0
52,DNK,Denmark,True,47,8.0852,815.0,7.0,47.0,15.0,10.0,10.0,5.089,3.0,0.571,2.0,1.451,0.0,0.0,0.0,0.0,0.0,0.0,19.0,1.4081,12.0,0.2511,1.0,0.014,3.0,1.633,0.0,0.0,0.0,0.0,0.0,0.0,0.0,0.0,0.0,0.0,0.0,0.0,0.0,47.0,0.0,0.0,0.0,0.0,0.0,0.0,28.0,4.7275,0.0,0.0,0.0,14.0,14.0,12.0,0.0,0.0,14.0,47.0
53,DJI,Djibouti,False,1,0.107332,107.332,1.0,1.0,1.0,1.0,0.0,0.0,0.0,0.0,1.0,0.107332,0.0,0.0,0.0,0.0,0.0,0.0,0.0,0.0,0.0,0.0,0.0,0.0,0.0,0.0,0.0,0.0,0.0,0.0,0.0,0.0,0.0,0.0,0.0,0.0,0.0,0.0,0.0,1.0,0.0,0.0,0.0,0.0,0.0,0.0,1.0,0.107332,1.0,0.0,0.0,0.0,0.0,0.0,0.0,0.0,0.0,0.0
54,DMA,Dominica,False,0,,,,,,,,,,,,,,,,,,,,,,,,,,,,,,,,,,,,,,,,,,,,,,,,,,,,,,,,,,
55,DOM,Dominican Republic,False,15,1.85809,430.0,6.0,15.0,6.0,4.0,2.0,0.305,1.0,0.319,5.0,0.842,0.0,0.0,3.0,0.22709,0.0,0.0,1.0,0.052,3.0,0.113,0.0,0.0,0.0,0.0,0.0,0.0,0.0,0.0,0.0,0.0,0.0,0.0,0.0,0.0,0.0,0.0,0.0,15.0,0.0,0.0,0.0,0.0,0.0,0.0,10.0,1.0600900000000002,0.0,0.0,0.0,0.0,0.0,0.0,0.0,0.0,0.0,15.0
56,ECU,Ecuador,False,22,4.24548,1500.0,4.0,22.0,15.0,3.0,0.0,0.0,5.0,0.5256000000000001,6.0,0.46786,0.0,0.0,10.0,3.2543200000000003,0.0,0.0,0.0,0.0,2.0,0.05,0.0,0.0,0.0,0.0,0.0,0.0,0.0,0.0,0.0,0.0,0.0,0.0,0.0,0.0,0.0,0.0,0.0,22.0,0.0,0.0,0.0,0.0,0.0,0.0,20.0,4.19548,0.0,17.0,0.0,0.0,0.0,0.0,0.0,0.0,17.0,22.0
57,EGY,Egypt,False,62,34.1835,2754.0,5.0,62.0,1.0,2.0,0.0,0.0,33.0,29.077,5.0,1.0,0.0,0.0,4.0,2.8,0.0,0.0,1.0,0.547,20.0,0.8795,0.0,0.0,0.0,0.0,0.0,0.0,0.0,0.0,0.0,0.0,0.0,0.0,0.0,0.0,0.0,0.0,0.0,62.0,0.0,0.0,0.0,0.0,0.0,0.0,39.0,29.184,38.0,0.0,38.0,0.0,1.0,0.0,0.0,0.0,39.0,24.0
58,SLV,El Salvador,False,16,1.4185,324.0,4.0,16.0,1.0,2.0,0.0,0.0,0.0,0.0,2.0,0.4752,0.0,0.0,4.0,0.4693,0.0,0.0,0.0,0.0,8.0,0.27,2.0,0.204,0.0,0.0,0.0,0.0,0.0,0.0,0.0,0.0,0.0,0.0,0.0,0.0,0.0,0.0,0.0,8.0,0.0,0.0,0.0,0.0,0.0,0.0,8.0,1.1485,0.0,0.0,0.0,0.0,0.0,0.0,0.0,0.0,0.0,16.0
59,GNQ,Equatorial Guinea,False,3,0.1505,120.0,2.0,3.0,1.0,1.0,0.0,0.0,2.0,0.0305,0.0,0.0,0.0,0.0,1.0,0.12,0.0,0.0,0.0,0.0,0.0,0.0,0.0,0.0,0.0,0.0,0.0,0.0,0.0,0.0,0.0,0.0,0.0,0.0,0.0,0.0,0.0,0.0,0.0,3.0,0.0,0.0,0.0,0.0,0.0,0.0,3.0,0.1505,3.0,0.0,0.0,0.0,0.0,0.0,0.0,0.0,0.0,0.0
60,ERI,Eritrea,False,2,0.13319,100.09,1.0,2.0,1.0,1.0,0.0,0.0,0.0,0.0,2.0,0.13319,0.0,0.0,0.0,0.0,0.0,0.0,0.0,0.0,0.0,0.0,0.0,0.0,0.0,0.0,0.0,0.0,0.0,0.0,0.0,0.0,0.0,0.0,0.0,0.0,0.0,0.0,0.0,2.0,0.0,0.0,0.0,0.0,0.0,0.0,1.0,0.0331,0.0,0.0,0.0,0.0,0.0,0.0,0.0,0.0,0.0,2.0
61,EST,Estonia,True,17,2.5419,1369.0,3.0,17.0,6.0,2.0,0.0,0.0,2.0,0.423,2.0,1.841,0.0,0.0,0.0,0.0,0.0,0.0,13.0,0.2779,0.0,0.0,0.0,0.0,0.0,0.0,0.0,0.0,0.0,0.0,0.0,0.0,0.0,0.0,0.0,0.0,0.0,0.0,0.0,17.0,0.0,0.0,0.0,0.0,0.0,0.0,14.0,2.0219,0.0,0.0,0.0,2.0,2.0,2.0,0.0,0.0,2.0,17.0
62,ETH,Ethiopia,False,13,4.0239,1870.0,3.0,13.0,1.0,4.0,0.0,0.0,0.0,0.0,0.0,0.0,0.0,0.0,11.0,3.8126,0.0,0.0,1.0,0.204,0.0,0.0,1.0,0.0073,0.0,0.0,0.0,0.0,0.0,0.0,0.0,0.0,0.0,0.0,0.0,0.0,0.0,0.0,0.0,13.0,0.0,0.0,0.0,0.0,0.0,0.0,12.0,3.9599,0.0,0.0,0.0,0.0,0.0,0.0,0.0,0.0,0.0,13.0
63,FLK,Falkland Islands,False,0,,,,,,,,,,,,,,,,,,,,,,,,,,,,,,,,,,,,,,,,,,,,,,,,,,,,,,,,,,
64,FJI,Fiji,False,12,0.31738,160.0,4.0,12.0,3.0,1.0,0.0,0.0,0.0,0.0,4.0,0.07398,0.0,0.0,4.0,0.209,0.0,0.0,1.0,0.0101,0.0,0.0,0.0,0.0,3.0,0.0243,0.0,0.0,0.0,0.0,0.0,0.0,0.0,0.0,0.0,0.0,0.0,0.0,0.0,12.0,0.0,0.0,0.0,0.0,0.0,0.0,9.0,0.3000799999999999,12.0,0.0,0.0,0.0,0.0,0.0,0.0,0.0,0.0,0.0
65,FIN,Finland,True,185,11.79676,1760.0,9.0,179.0,85.0,4.0,5.0,1.34,23.0,2.4541,40.0,4.4019,0.0,0.0,95.0,2.382320000000001,2.0,2.752,12.0,0.0766,0.0,0.0,0.0,0.0,41.0,2.37434,0.0,0.0,15.0,0.9897,0.0,0.0,0.0,0.0,4.0,0.2825,0.0,0.0,0.0,185.0,0.0,0.0,0.0,0.0,0.0,0.0,150.0,9.59546,0.0,0.0,0.0,8.0,10.0,10.0,0.0,0.0,10.0,185.0
66,FRA,France,True,2155,110.6159288999998,5460.0,10.0,2053.0,3.0,6.0,5.0,3.575,9.0,5.007,5.0,4.388,0.0,0.0,429.0,19.50577990000001,19.0,63.13,721.0,9.062631999999992,817.0,4.910416999999997,1.0,0.0045,148.0,0.7926000000000007,0.0,0.0,0.0,0.0,1.0,0.24,0.0,0.0,0.0,0.0,0.0,0.0,0.0,2155.0,0.0,0.0,0.0,0.0,0.0,0.0,613.0,87.98165822999998,1.0,0.0,0.0,42.0,38.0,41.0,0.0,0.0,47.0,2154.0
67,GUF,French Guiana,False,6,0.2526,113.6,5.0,4.0,2.0,2.0,0.0,0.0,2.0,0.092,1.0,0.04,0.0,0.0,1.0,0.1135999999999999,0.0,0.0,0.0,0.0,1.0,0.005,0.0,0.0,1.0,0.002,0.0,0.0,0.0,0.0,0.0,0.0,0.0,0.0,0.0,0.0,0.0,0.0,0.0,6.0,0.0,0.0,0.0,0.0,0.0,0.0,5.0,0.2476,6.0,0.0,0.0,0.0,0.0,0.0,0.0,0.0,0.0,0.0
68,PYF,French Polynesia,False,0,,,,,,,,,,,,,,,,,,,,,,,,,,,,,,,,,,,,,,,,,,,,,,,,,,,,,,,,,,
69,GAB,Gabon,False,6,0.44681,160.0,3.0,6.0,1.0,1.0,0.0,0.0,2.0,0.1453,1.0,0.01551,0.0,0.0,3.0,0.286,0.0,0.0,0.0,0.0,0.0,0.0,0.0,0.0,0.0,0.0,0.0,0.0,0.0,0.0,0.0,0.0,0.0,0.0,0.0,0.0,0.0,0.0,0.0,6.0,0.0,0.0,0.0,0.0,0.0,0.0,5.0,0.37851,0.0,0.0,0.0,0.0,0.0,0.0,0.0,0.0,0.0,6.0
70,GMB,Gambia,False,2,0.0704,41.4,1.0,2.0,1.0,1.0,0.0,0.0,0.0,0.0,2.0,0.0704,0.0,0.0,0.0,0.0,0.0,0.0,0.0,0.0,0.0,0.0,0.0,0.0,0.0,0.0,0.0,0.0,0.0,0.0,0.0,0.0,0.0,0.0,0.0,0.0,0.0,0.0,0.0,2.0,0.0,0.0,0.0,0.0,0.0,0.0,1.0,0.0414,2.0,0.0,0.0,0.0,0.0,0.0,0.0,0.0,0.0,0.0
71,GEO,Georgia,False,19,3.8314,1300.0,2.0,19.0,1.0,1.0,0.0,0.0,3.0,1.25,0.0,0.0,0.0,0.0,16.0,2.5814,0.0,0.0,0.0,0.0,0.0,0.0,0.0,0.0,0.0,0.0,0.0,0.0,0.0,0.0,0.0,0.0,0.0,0.0,0.0,0.0,0.0,0.0,0.0,0.0,0.0,0.0,0.0,0.0,0.0,0.0,15.0,2.6304000000000003,0.0,0.0,0.0,0.0,0.0,0.0,0.0,0.0,0.0,19.0
72,DEU,Germany,True,1309,112.04037488000002,3430.0,10.0,1299.0,308.0,90.0,97.0,47.7741,181.0,24.435250000000007,26.0,3.2692,0.0,0.0,112.0,9.9841,7.0,11.171,25.0,5.059361999999999,735.0,6.770562880000001,0.0,0.0,53.0,1.6552999999999998,0.0,0.0,66.0,1.5888,0.0,0.0,0.0,0.0,11.0,0.7569,0.0,0.0,0.0,1309.0,0.0,0.0,0.0,0.0,0.0,0.0,368.0,69.11582528,0.0,0.0,0.0,61.0,94.0,71.0,0.0,0.0,97.0,1309.0
73,GHA,Ghana,False,6,2.108,1038.0,3.0,6.0,1.0,2.0,0.0,0.0,2.0,0.49,0.0,0.0,0.0,0.0,3.0,1.598,0.0,0.0,0.0,0.0,1.0,0.02,0.0,0.0,0.0,0.0,0.0,0.0,0.0,0.0,0.0,0.0,0.0,0.0,0.0,0.0,0.0,0.0,0.0,6.0,0.0,0.0,0.0,0.0,0.0,0.0,4.0,1.928,5.0,0.0,5.0,0.0,0.0,0.0,0.0,0.0,5.0,1.0
74,GIB,Gibraltar,False,0,,,,,,,,,,,,,,,,,,,,,,,,,,,,,,,,,,,,,,,,,,,,,,,,,,,,,,,,,,
75,GRC,Greece,True,90,14.658649999999998,1595.0,7.0,90.0,21.0,15.0,6.0,4.995,12.0,5.205,3.0,0.501,0.0,0.0,18.0,3.501,0.0,0.0,12.0,0.21495,38.0,0.2177,0.0,0.0,0.0,0.0,0.0,0.0,1.0,0.024,0.0,0.0,0.0,0.0,0.0,0.0,0.0,0.0,0.0,90.0,0.0,0.0,0.0,0.0,0.0,0.0,53.0,12.772149999999996,0.0,0.0,0.0,26.0,23.0,23.0,0.0,0.0,27.0,90.0
76,GRL,Greenland,False,0,,,,,,,,,,,,,,,,,,,,,,,,,,,,,,,,,,,,,,,,,,,,,,,,,,,,,,,,,,
77,GRD,Grenada,False,0,,,,,,,,,,,,,,,,,,,,,,,,,,,,,,,,,,,,,,,,,,,,,,,,,,,,,,,,,,
78,GUM,Guam,False,0,,,,,,,,,,,,,,,,,,,,,,,,,,,,,,,,,,,,,,,,,,,,,,,,,,,,,,,,,,
79,GTM,Guatemala,False,76,3.6891,300.0,8.0,76.0,3.0,4.0,5.0,0.5722,0.0,0.0,19.0,0.9834,0.0,0.0,30.0,1.0075999999999998,0.0,0.0,2.0,0.0711,3.0,0.115,2.0,0.0538,13.0,0.8800999999999999,0.0,0.0,2.0,0.0059,0.0,0.0,0.0,0.0,0.0,0.0,0.0,0.0,0.0,76.0,0.0,0.0,0.0,0.0,0.0,0.0,56.0,2.8731000000000004,0.0,0.0,0.0,0.0,72.0,0.0,0.0,0.0,72.0,76.0
80,GIN,Guinea,False,9,0.51042,240.0,2.0,9.0,1.0,1.0,0.0,0.0,0.0,0.0,3.0,0.0920999999999999,0.0,0.0,6.0,0.4183199999999999,0.0,0.0,0.0,0.0,0.0,0.0,0.0,0.0,0.0,0.0,0.0,0.0,0.0,0.0,0.0,0.0,0.0,0.0,0.0,0.0,0.0,0.0,0.0,9.0,0.0,0.0,0.0,0.0,0.0,0.0,7.0,0.45042,9.0,0.0,0.0,0.0,0.0,0.0,0.0,0.0,0.0,0.0
81,GNB,Guinea-Bissau,False,1,0.018237,18.237,1.0,1.0,1.0,1.0,0.0,0.0,0.0,0.0,1.0,0.018237,0.0,0.0,0.0,0.0,0.0,0.0,0.0,0.0,0.0,0.0,0.0,0.0,0.0,0.0,0.0,0.0,0.0,0.0,0.0,0.0,0.0,0.0,0.0,0.0,0.0,0.0,0.0,1.0,0.0,0.0,0.0,0.0,0.0,0.0,1.0,0.018237,1.0,0.0,0.0,0.0,0.0,0.0,0.0,0.0,0.0,0.0
82,GUY,Guyana,False,5,0.1363,36.3,2.0,5.0,1.0,1.0,0.0,0.0,0.0,0.0,4.0,0.1062999999999999,0.0,0.0,0.0,0.0,0.0,0.0,0.0,0.0,0.0,0.0,0.0,0.0,1.0,0.03,0.0,0.0,0.0,0.0,0.0,0.0,0.0,0.0,0.0,0.0,0.0,0.0,0.0,5.0,0.0,0.0,0.0,0.0,0.0,0.0,3.0,0.0923,5.0,0.0,0.0,0.0,0.0,0.0,0.0,0.0,0.0,0.0
83,HTI,Haiti,False,0,,,,,,,,,,,,,,,,,,,,,,,,,,,,,,,,,,,,,,,,,,,,,,,,,,,,,,,,,,
84,HND,Honduras,False,40,2.16487,371.0,8.0,40.0,7.0,9.0,0.0,0.0,1.0,0.0392,5.0,0.7886,0.0,0.0,12.0,0.5151700000000001,0.0,0.0,1.0,0.126,15.0,0.6044499999999999,1.0,0.039,4.0,0.05,0.0,0.0,1.0,0.00245,0.0,0.0,0.0,0.0,0.0,0.0,0.0,0.0,0.0,40.0,0.0,0.0,0.0,0.0,0.0,0.0,18.0,1.08377,0.0,0.0,0.0,0.0,0.0,0.0,0.0,0.0,0.0,40.0
85,HKG,Hong Kong,False,0,,,,,,,,,,,,,,,,,,,,,,,,,,,,,,,,,,,,,,,,,,,,,,,,,,,,,,,,,,
86,HUN,Hungary,True,18,6.290700000000001,1886.8,5.0,18.0,4.0,3.0,3.0,1.194,8.0,2.9553000000000003,1.0,0.17,0.0,0.0,0.0,0.0,1.0,1.8868,0.0,0.0,5.0,0.0846,0.0,0.0,0.0,0.0,0.0,0.0,0.0,0.0,0.0,0.0,0.0,0.0,0.0,0.0,0.0,0.0,0.0,18.0,0.0,0.0,0.0,0.0,0.0,0.0,2.0,1.2417,0.0,0.0,0.0,7.0,5.0,5.0,0.0,0.0,7.0,18.0
87,ISL,Iceland,False,20,2.4846,690.0,2.0,20.0,5.0,1.0,0.0,0.0,0.0,0.0,0.0,0.0,0.0,0.0,14.0,1.9126,0.0,0.0,0.0,0.0,0.0,0.0,6.0,0.572,0.0,0.0,0.0,0.0,0.0,0.0,0.0,0.0,0.0,0.0,0.0,0.0,0.0,0.0,0.0,20.0,0.0,0.0,0.0,0.0,0.0,0.0,18.0,2.4626,0.0,0.0,0.0,0.0,0.0,0.0,0.0,0.0,0.0,20.0
88,IND,India,False,1589,316.0885459999999,4760.0,9.0,1589.0,271.0,191.0,253.0,204.91921999999997,70.0,25.597506000000003,208.0,204.003935,0.0,0.0,233.0,45.56146999999999,9.0,8.78,108.0,3.64715,851.0,25.5491,0.0,0.0,50.0,1.00326,1.0,0.26,0.0,0.0,0.0,0.0,0.0,0.0,0.0,0.0,0.0,0.0,0.0,1097.0,0.0,0.0,0.0,0.0,0.0,0.0,650.0,269.375456,0.0,0.0,392.0,414.0,424.0,428.0,436.0,0.0,437.0,1197.0
89,IDN,Indonesia,False,178,48.751418,5355.0,5.0,178.0,96.0,2.0,70.0,29.333,41.0,12.81,16.0,0.7068260000000001,0.0,0.0,41.0,4.559591999999999,0.0,0.0,0.0,0.0,0.0,0.0,10.0,1.342,0.0,0.0,0.0,0.0,0.0,0.0,0.0,0.0,0.0,0.0,0.0,0.0,0.0,0.0,0.0,178.0,0.0,0.0,0.0,0.0,0.0,0.0,117.0,35.080065000000005,0.0,0.0,0.0,0.0,0.0,0.0,0.0,0.0,0.0,178.0
90,IRN,Iran,False,107,61.3621,2800.0,6.0,102.0,13.0,14.0,0.0,0.0,60.0,38.003,19.0,12.2836,0.0,0.0,19.0,10.8575,1.0,1.0,1.0,0.1,8.0,0.091,0.0,0.0,0.0,0.0,0.0,0.0,0.0,0.0,0.0,0.0,0.0,0.0,0.0,0.0,0.0,0.0,0.0,107.0,0.0,0.0,0.0,0.0,0.0,0.0,68.0,38.883,0.0,0.0,0.0,1.0,0.0,0.0,0.0,0.0,1.0,107.0
91,IRQ,Iraq,False,28,18.1606,2100.0,3.0,27.0,4.0,17.0,0.0,0.0,15.0,11.6466,15.0,11.116,0.0,0.0,8.0,2.574,0.0,0.0,0.0,0.0,0.0,0.0,0.0,0.0,0.0,0.0,0.0,0.0,0.0,0.0,0.0,0.0,0.0,0.0,0.0,0.0,0.0,0.0,0.0,28.0,0.0,0.0,0.0,0.0,0.0,0.0,18.0,9.959,0.0,0.0,0.0,0.0,0.0,0.0,0.0,0.0,0.0,28.0
92,IRL,Ireland,True,59,7.582149999999999,915.0,6.0,59.0,25.0,3.0,1.0,0.915,10.0,3.6925,6.0,1.1456,0.0,0.0,3.0,0.405,0.0,0.0,38.0,1.2870500000000002,0.0,0.0,0.0,0.0,1.0,0.137,0.0,0.0,0.0,0.0,0.0,0.0,0.0,0.0,0.0,0.0,0.0,0.0,0.0,59.0,0.0,0.0,0.0,0.0,0.0,0.0,50.0,6.53855,0.0,0.0,0.0,7.0,0.0,0.0,0.0,0.0,7.0,59.0
93,ISR,Israel,False,59,14.6658,2590.0,5.0,59.0,14.0,17.0,2.0,4.84,18.0,9.213,3.0,2.142,0.0,0.0,0.0,0.0,0.0,0.0,2.0,0.042,37.0,0.5707999999999999,0.0,0.0,0.0,0.0,0.0,0.0,0.0,0.0,0.0,0.0,0.0,0.0,0.0,0.0,0.0,0.0,0.0,59.0,0.0,0.0,0.0,0.0,0.0,0.0,20.0,12.4795,0.0,0.0,0.0,0.0,0.0,0.0,0.0,0.0,0.0,59.0
94,ITA,Italy,True,396,73.09506,3446.0,8.0,396.0,42.0,45.0,9.0,9.012,57.0,38.57065,11.0,8.828700000000001,0.0,0.0,58.0,13.38418,0.0,0.0,1.0,0.10524,223.0,1.95269,33.0,0.857,0.0,0.0,0.0,0.0,0.0,0.0,0.0,0.0,0.0,0.0,4.0,0.3846,0.0,0.0,0.0,396.0,0.0,0.0,0.0,0.0,0.0,0.0,187.0,58.14610999999999,0.0,0.0,0.0,112.0,93.0,90.0,1.0,0.0,115.0,396.0
95,JAM,Jamaica,False,10,0.7925,347.5,5.0,10.0,5.0,3.0,0.0,0.0,1.0,0.12,4.0,0.599,0.0,0.0,3.0,0.0148,0.0,0.0,1.0,0.0387,1.0,0.02,0.0,0.0,0.0,0.0,0.0,0.0,0.0,0.0,0.0,0.0,0.0,0.0,0.0,0.0,0.0,0.0,0.0,10.0,0.0,0.0,0.0,0.0,0.0,0.0,9.0,0.7725,0.0,0.0,0.0,0.0,0.0,0.0,0.0,0.0,0.0,10.0
96,JPN,Japan,False,522,215.36585,8212.0,9.0,517.0,162.0,64.0,52.0,45.913,34.0,61.13275,33.0,49.6242,0.0,0.0,55.0,27.439,16.0,42.537,6.0,0.15,324.0,5.686600000000001,14.0,0.5363,0.0,0.0,0.0,0.0,1.0,0.021,0.0,0.0,0.0,0.0,0.0,0.0,0.0,0.0,0.0,522.0,0.0,0.0,0.0,0.0,0.0,0.0,218.0,171.91144999999997,0.0,0.0,0.0,0.0,0.0,0.0,0.0,0.0,0.0,522.0
97,JOR,Jordan,False,33,4.7035,1031.0,3.0,33.0,1.0,2.0,0.0,0.0,7.0,3.754,1.0,0.382,0.0,0.0,0.0,0.0,0.0,0.0,0.0,0.0,25.0,0.5675,0.0,0.0,0.0,0.0,0.0,0.0,0.0,0.0,0.0,0.0,0.0,0.0,0.0,0.0,0.0,0.0,0.0,25.0,0.0,0.0,0.0,0.0,0.0,0.0,5.0,1.912,0.0,0.0,0.0,0.0,0.0,0.0,0.0,0.0,0.0,33.0
98,KAZ,Kazakhstan,False,33,18.628,4000.0,4.0,33.0,18.0,13.0,22.0,15.868,2.0,0.4,0.0,0.0,0.0,0.0,4.0,2.09,0.0,0.0,0.0,0.0,5.0,0.27,0.0,0.0,0.0,0.0,0.0,0.0,0.0,0.0,0.0,0.0,0.0,0.0,0.0,0.0,0.0,0.0,0.0,33.0,0.0,0.0,0.0,0.0,0.0,0.0,21.0,12.481,0.0,0.0,0.0,0.0,0.0,0.0,0.0,0.0,0.0,33.0
99,KEN,Kenya,False,23,2.4859,310.0,5.0,22.0,8.0,8.0,0.0,0.0,0.0,0.0,6.0,0.5555,0.0,0.0,8.0,0.7852,0.0,0.0,2.0,0.3355,1.0,0.0557,6.0,0.754,0.0,0.0,0.0,0.0,0.0,0.0,0.0,0.0,0.0,0.0,0.0,0.0,0.0,0.0,0.0,23.0,0.0,0.0,0.0,0.0,0.0,0.0,19.0,1.9352,0.0,0.0,0.0,0.0,0.0,0.0,0.0,0.0,0.0,23.0
100,KIR,Kiribati,False,0,,,,,,,,,,,,,,,,,,,,,,,,,,,,,,,,,,,,,,,,,,,,,,,,,,,,,,,,,,
101,KOS,Kosovo,False,2,1.478,800.0,1.0,2.0,1.0,1.0,2.0,1.478,0.0,0.0,0.0,0.0,0.0,0.0,0.0,0.0,0.0,0.0,0.0,0.0,0.0,0.0,0.0,0.0,0.0,0.0,0.0,0.0,0.0,0.0,0.0,0.0,0.0,0.0,0.0,0.0,0.0,0.0,0.0,0.0,0.0,0.0,0.0,0.0,0.0,0.0,2.0,1.478,0.0,0.0,0.0,0.0,0.0,0.0,0.0,0.0,0.0,2.0
102,KWT,Kuwait,False,9,17.8295,5805.0,3.0,9.0,1.0,2.0,0.0,0.0,8.0,17.8195,3.0,11.4235,0.0,0.0,0.0,0.0,0.0,0.0,0.0,0.0,1.0,0.01,0.0,0.0,0.0,0.0,0.0,0.0,0.0,0.0,0.0,0.0,0.0,0.0,0.0,0.0,0.0,0.0,0.0,9.0,0.0,0.0,0.0,0.0,0.0,0.0,7.0,17.0995,0.0,0.0,0.0,0.0,0.0,0.0,0.0,0.0,0.0,9.0
103,KGZ,Kyrgyzstan,False,8,3.634,1200.0,3.0,8.0,1.0,1.0,1.0,0.674,0.0,0.0,1.0,0.05,0.0,0.0,6.0,2.91,0.0,0.0,0.0,0.0,0.0,0.0,0.0,0.0,0.0,0.0,0.0,0.0,0.0,0.0,0.0,0.0,0.0,0.0,0.0,0.0,0.0,0.0,0.0,0.0,0.0,0.0,0.0,0.0,0.0,0.0,4.0,2.374,0.0,0.0,0.0,0.0,0.0,0.0,0.0,0.0,0.0,8.0
104,LAO,Laos,False,20,4.986860000000001,1878.0,2.0,20.0,11.0,4.0,1.0,1.878,0.0,0.0,0.0,0.0,0.0,0.0,19.0,3.10886,0.0,0.0,0.0,0.0,0.0,0.0,0.0,0.0,0.0,0.0,0.0,0.0,0.0,0.0,0.0,0.0,0.0,0.0,0.0,0.0,0.0,0.0,0.0,20.0,0.0,0.0,0.0,0.0,0.0,0.0,17.0,4.94766,20.0,0.0,0.0,0.0,0.0,0.0,0.0,0.0,0.0,0.0
105,LVA,Latvia,True,5,2.537,894.0,2.0,5.0,1.0,1.0,0.0,0.0,2.0,1.001,0.0,0.0,0.0,0.0,3.0,1.536,0.0,0.0,0.0,0.0,0.0,0.0,0.0,0.0,0.0,0.0,0.0,0.0,0.0,0.0,0.0,0.0,0.0,0.0,0.0,0.0,0.0,0.0,0.0,5.0,0.0,0.0,0.0,0.0,0.0,0.0,4.0,2.399,0.0,0.0,0.0,2.0,2.0,2.0,0.0,0.0,2.0,5.0
106,LBN,Lebanon,False,7,2.0703,642.8,2.0,7.0,1.0,1.0,0.0,0.0,2.0,0.94,7.0,2.0703,0.0,0.0,0.0,0.0,0.0,0.0,0.0,0.0,0.0,0.0,0.0,0.0,0.0,0.0,0.0,0.0,0.0,0.0,0.0,0.0,0.0,0.0,0.0,0.0,0.0,0.0,0.0,7.0,0.0,0.0,0.0,0.0,0.0,0.0,3.0,1.2875,0.0,0.0,0.0,0.0,0.0,0.0,0.0,0.0,0.0,7.0
107,LSO,Lesotho,False,1,0.072,72.0,1.0,1.0,1.0,1.0,0.0,0.0,0.0,0.0,0.0,0.0,0.0,0.0,1.0,0.072,0.0,0.0,0.0,0.0,0.0,0.0,0.0,0.0,0.0,0.0,0.0,0.0,0.0,0.0,0.0,0.0,0.0,0.0,0.0,0.0,0.0,0.0,0.0,1.0,0.0,0.0,0.0,0.0,0.0,0.0,1.0,0.072,1.0,0.0,0.0,0.0,0.0,0.0,0.0,0.0,0.0,0.0
108,LBR,Liberia,False,2,0.0733,60.0,2.0,2.0,1.0,1.0,0.0,0.0,0.0,0.0,1.0,0.0133,0.0,0.0,1.0,0.06,0.0,0.0,0.0,0.0,0.0,0.0,0.0,0.0,0.0,0.0,0.0,0.0,0.0,0.0,0.0,0.0,0.0,0.0,0.0,0.0,0.0,0.0,0.0,2.0,0.0,0.0,0.0,0.0,0.0,0.0,1.0,0.06,2.0,0.0,0.0,0.0,0.0,0.0,0.0,0.0,0.0,0.0
109,LBY,Libya,False,12,6.231,1440.0,2.0,12.0,1.0,1.0,0.0,0.0,9.0,5.916,12.0,6.231,0.0,0.0,0.0,0.0,0.0,0.0,0.0,0.0,0.0,0.0,0.0,0.0,0.0,0.0,0.0,0.0,0.0,0.0,0.0,0.0,0.0,0.0,0.0,0.0,0.0,0.0,0.0,12.0,0.0,0.0,0.0,0.0,0.0,0.0,6.0,3.061,0.0,0.0,0.0,0.0,0.0,0.0,0.0,0.0,0.0,12.0
110,LTU,Lithuania,True,6,3.4908,1800.0,2.0,6.0,1.0,1.0,0.0,0.0,4.0,2.49,0.0,0.0,0.0,0.0,2.0,1.0008,0.0,0.0,0.0,0.0,0.0,0.0,0.0,0.0,0.0,0.0,0.0,0.0,0.0,0.0,0.0,0.0,0.0,0.0,0.0,0.0,0.0,0.0,0.0,0.0,0.0,0.0,0.0,0.0,0.0,0.0,3.0,1.3608,0.0,0.0,0.0,0.0,2.0,2.0,0.0,0.0,2.0,6.0
111,LUX,Luxembourg,True,2,1.681,1296.0,2.0,2.0,1.0,1.0,0.0,0.0,1.0,0.385,0.0,0.0,0.0,0.0,1.0,1.296,0.0,0.0,0.0,0.0,0.0,0.0,0.0,0.0,0.0,0.0,0.0,0.0,0.0,0.0,0.0,0.0,0.0,0.0,0.0,0.0,0.0,0.0,0.0,0.0,0.0,0.0,0.0,0.0,0.0,0.0,1.0,1.296,0.0,0.0,0.0,1.0,1.0,1.0,0.0,0.0,1.0,2.0
112,MAC,Macao,False,0,,,,,,,,,,,,,,,,,,,,,,,,,,,,,,,,,,,,,,,,,,,,,,,,,,,,,,,,,,
113,MKD,Macedonia,False,12,1.3625999999999998,675.0,2.0,12.0,1.0,1.0,2.0,0.8,0.0,0.0,0.0,0.0,0.0,0.0,10.0,0.5625999999999999,0.0,0.0,0.0,0.0,0.0,0.0,0.0,0.0,0.0,0.0,0.0,0.0,0.0,0.0,0.0,0.0,0.0,0.0,0.0,0.0,0.0,0.0,0.0,0.0,0.0,0.0,0.0,0.0,0.0,0.0,10.0,1.3136,0.0,0.0,0.0,0.0,0.0,0.0,0.0,0.0,0.0,12.0
114,MDG,Madagascar,False,12,0.35993,120.0,5.0,12.0,3.0,3.0,1.0,0.12,2.0,0.02957,3.0,0.07271,0.0,0.0,5.0,0.11265,0.0,0.0,0.0,0.0,1.0,0.025,0.0,0.0,0.0,0.0,0.0,0.0,0.0,0.0,0.0,0.0,0.0,0.0,0.0,0.0,0.0,0.0,0.0,12.0,0.0,0.0,0.0,0.0,0.0,0.0,9.0,0.30534,12.0,0.0,0.0,0.0,0.0,0.0,0.0,0.0,0.0,0.0
115,MWI,Malawi,False,5,0.3691,128.0,3.0,5.0,1.0,1.0,0.0,0.0,1.0,0.0155,0.0,0.0,0.0,0.0,3.0,0.3436,0.0,0.0,0.0,0.0,0.0,0.0,0.0,0.0,1.0,0.01,0.0,0.0,0.0,0.0,0.0,0.0,0.0,0.0,0.0,0.0,0.0,0.0,0.0,5.0,0.0,0.0,0.0,0.0,0.0,0.0,4.0,0.3536,5.0,0.0,0.0,0.0,0.0,0.0,0.0,0.0,0.0,0.0
116,MYS,Malaysia,False,55,28.7945,4180.0,6.0,55.0,16.0,8.0,7.0,13.004,20.0,13.33,4.0,0.178,0.0,0.0,9.0,1.989,0.0,0.0,0.0,0.0,14.0,0.2815,0.0,0.0,1.0,0.012,0.0,0.0,0.0,0.0,0.0,0.0,0.0,0.0,0.0,0.0,0.0,0.0,0.0,55.0,0.0,0.0,0.0,0.0,0.0,0.0,28.0,14.1102,0.0,0.0,0.0,0.0,0.0,0.0,0.0,0.0,0.0,55.0
117,MDV,Maldives,False,0,,,,,,,,,,,,,,,,,,,,,,,,,,,,,,,,,,,,,,,,,,,,,,,,,,,,,,,,,,
118,MLI,Mali,False,4,0.3115,200.0,1.0,4.0,1.0,1.0,0.0,0.0,0.0,0.0,0.0,0.0,0.0,0.0,4.0,0.3115,0.0,0.0,0.0,0.0,0.0,0.0,0.0,0.0,0.0,0.0,0.0,0.0,0.0,0.0,0.0,0.0,0.0,0.0,0.0,0.0,0.0,0.0,0.0,0.0,0.0,0.0,0.0,0.0,0.0,0.0,4.0,0.3115,4.0,0.0,0.0,0.0,0.0,0.0,0.0,0.0,0.0,0.0
119,MLT,Malta,True,0,,,,,,,,,,,,,,,,,,,,,,,,,,,,,,,,,,,,,,,,,,,,,,,,,,,,,,,,,,
120,MTQ,Martinique,False,0,,,,,,,,,,,,,,,,,,,,,,,,,,,,,,,,,,,,,,,,,,,,,,,,,,,,,,,,,,
121,MRT,Mauritania,False,7,0.315804,120.0,4.0,7.0,1.0,2.0,0.0,0.0,1.0,0.12,3.0,0.132804,0.0,0.0,0.0,0.0,0.0,0.0,1.0,0.03,2.0,0.033,0.0,0.0,0.0,0.0,0.0,0.0,0.0,0.0,0.0,0.0,0.0,0.0,0.0,0.0,0.0,0.0,0.0,7.0,0.0,0.0,0.0,0.0,0.0,0.0,4.0,0.162804,7.0,0.0,0.0,0.0,0.0,0.0,0.0,0.0,0.0,0.0
122,MUS,Mauritius,False,23,0.989269,150.0,5.0,23.0,5.0,3.0,4.0,0.2246999999999999,0.0,0.0,5.0,0.499436,0.0,0.0,3.0,0.051383,0.0,0.0,0.0,0.0,6.0,0.1119,0.0,0.0,5.0,0.10185,0.0,0.0,0.0,0.0,0.0,0.0,0.0,0.0,0.0,0.0,0.0,0.0,0.0,23.0,0.0,0.0,0.0,0.0,0.0,0.0,16.0,0.665377,0.0,0.0,0.0,0.0,0.0,0.0,0.0,0.0,0.0,23.0
123,MEX,Mexico,False,277,62.36589999999999,2778.4,9.0,274.0,17.0,4.0,3.0,5.3784,61.0,25.67420000000001,23.0,11.5224,0.0,0.0,73.0,12.442900000000002,1.0,1.51,20.0,1.5868,29.0,2.6712,5.0,0.9036,62.0,0.6763999999999999,0.0,0.0,0.0,0.0,0.0,0.0,0.0,0.0,0.0,0.0,0.0,0.0,0.0,26.0,0.0,0.0,0.0,0.0,0.0,0.0,167.0,38.65580000000001,0.0,0.0,0.0,0.0,0.0,0.0,0.0,0.0,0.0,277.0
124,MDA,Moldova,False,6,2.914,2520.0,4.0,6.0,1.0,1.0,1.0,2.52,3.0,0.33,3.0,2.826,0.0,0.0,2.0,0.064,0.0,0.0,0.0,0.0,0.0,0.0,0.0,0.0,0.0,0.0,0.0,0.0,0.0,0.0,0.0,0.0,0.0,0.0,0.0,0.0,0.0,0.0,0.0,6.0,0.0,0.0,0.0,0.0,0.0,0.0,5.0,2.898,0.0,0.0,0.0,0.0,0.0,0.0,0.0,0.0,0.0,6.0
125,MNG,Mongolia,False,8,0.904,570.0,3.0,8.0,4.0,3.0,3.0,0.804,0.0,0.0,0.0,0.0,0.0,0.0,0.0,0.0,0.0,0.0,1.0,0.05,4.0,0.05,0.0,0.0,0.0,0.0,0.0,0.0,0.0,0.0,0.0,0.0,0.0,0.0,0.0,0.0,0.0,0.0,0.0,8.0,0.0,0.0,0.0,0.0,0.0,0.0,2.0,0.62,0.0,0.0,0.0,0.0,0.0,0.0,0.0,0.0,0.0,8.0
126,MNE,Montenegro,False,3,0.8855,360.0,2.0,3.0,1.0,1.0,1.0,0.2185,0.0,0.0,0.0,0.0,0.0,0.0,2.0,0.667,0.0,0.0,0.0,0.0,0.0,0.0,0.0,0.0,0.0,0.0,0.0,0.0,0.0,0.0,0.0,0.0,0.0,0.0,0.0,0.0,0.0,0.0,0.0,0.0,0.0,0.0,0.0,0.0,0.0,0.0,3.0,0.8855,0.0,0.0,0.0,0.0,2.0,2.0,0.0,0.0,2.0,3.0
127,MSR,Montserrat,False,0,,,,,,,,,,,,,,,,,,,,,,,,,,,,,,,,,,,,,,,,,,,,,,,,,,,,,,,,,,
128,MAR,Morocco,False,45,8.697560000000001,2020.0,6.0,45.0,13.0,8.0,3.0,2.835,3.0,1.666,6.0,1.0773,0.0,0.0,18.0,1.6765,0.0,0.0,11.0,1.2097600000000002,6.0,1.005,0.0,0.0,0.0,0.0,0.0,0.0,0.0,0.0,0.0,0.0,0.0,0.0,0.0,0.0,0.0,0.0,0.0,45.0,0.0,0.0,0.0,0.0,0.0,0.0,26.0,5.9931,0.0,2.0,0.0,0.0,6.0,2.0,0.0,0.0,10.0,45.0
129,MOZ,Mozambique,False,3,2.285,2075.0,1.0,3.0,1.0,1.0,0.0,0.0,0.0,0.0,0.0,0.0,0.0,0.0,3.0,2.285,0.0,0.0,0.0,0.0,0.0,0.0,0.0,0.0,0.0,0.0,0.0,0.0,0.0,0.0,0.0,0.0,0.0,0.0,0.0,0.0,0.0,0.0,0.0,3.0,0.0,0.0,0.0,0.0,0.0,0.0,3.0,2.285,0.0,0.0,0.0,0.0,0.0,0.0,0.0,0.0,0.0,3.0
130,MMR,Myanmar,False,35,3.9871,790.0,5.0,35.0,4.0,6.0,2.0,0.165,12.0,1.0469000000000002,1.0,0.092,0.0,0.0,20.0,2.7252,0.0,0.0,0.0,0.0,1.0,0.05,0.0,0.0,0.0,0.0,0.0,0.0,0.0,0.0,0.0,0.0,0.0,0.0,0.0,0.0,0.0,0.0,0.0,35.0,0.0,0.0,0.0,0.0,0.0,0.0,26.0,3.3454,0.0,0.0,0.0,30.0,0.0,0.0,0.0,0.0,30.0,35.0
131,NAM,Namibia,False,13,0.5025,240.0,4.0,13.0,1.0,2.0,1.0,0.12,0.0,0.0,3.0,0.0599,0.0,0.0,1.0,0.24,0.0,0.0,0.0,0.0,8.0,0.0825999999999999,0.0,0.0,0.0,0.0,0.0,0.0,0.0,0.0,0.0,0.0,0.0,0.0,0.0,0.0,0.0,0.0,0.0,13.0,0.0,0.0,0.0,0.0,0.0,0.0,8.0,0.4305,0.0,0.0,0.0,0.0,0.0,0.0,0.0,0.0,0.0,13.0
132,NRU,Nauru,False,0,,,,,,,,,,,,,,,,,,,,,,,,,,,,,,,,,,,,,,,,,,,,,,,,,,,,,,,,,,
133,NPL,Nepal,False,14,0.5879500000000001,144.0,2.0,14.0,1.0,2.0,0.0,0.0,0.0,0.0,0.0,0.0,0.0,0.0,12.0,0.5579500000000001,0.0,0.0,0.0,0.0,2.0,0.03,0.0,0.0,0.0,0.0,0.0,0.0,0.0,0.0,0.0,0.0,0.0,0.0,0.0,0.0,0.0,0.0,0.0,2.0,0.0,0.0,0.0,0.0,0.0,0.0,9.0,0.4879,0.0,0.0,0.0,0.0,0.0,0.0,0.0,0.0,0.0,14.0
134,NLD,Netherlands,True,71,16.993689999999997,2465.0,6.0,71.0,10.0,9.0,5.0,5.015,12.0,9.312,0.0,0.0,0.0,0.0,0.0,0.0,1.0,0.485,40.0,1.93659,13.0,0.2450999999999999,0.0,0.0,3.0,3.23,0.0,0.0,0.0,0.0,0.0,0.0,0.0,0.0,0.0,0.0,0.0,0.0,0.0,71.0,0.0,0.0,0.0,0.0,0.0,0.0,42.0,13.04948,0.0,0.0,0.0,12.0,24.0,8.0,0.0,0.0,28.0,71.0
135,NCL,New Caledonia,False,0,,,,,,,,,,,,,,,,,,,,,,,,,,,,,,,,,,,,,,,,,,,,,,,,,,,,,,,,,,
136,NZL,New Zealand,False,43,6.67455,800.0,6.0,43.0,5.0,5.0,1.0,0.5,3.0,0.507,1.0,0.155,0.0,0.0,24.0,4.388,0.0,0.0,7.0,0.45855,0.0,0.0,7.0,0.666,0.0,0.0,0.0,0.0,0.0,0.0,0.0,0.0,0.0,0.0,0.0,0.0,0.0,0.0,0.0,43.0,0.0,0.0,0.0,0.0,0.0,0.0,41.0,6.52955,0.0,0.0,0.0,0.0,0.0,0.0,0.0,0.0,0.0,43.0
137,NIC,Nicaragua,False,16,0.8634,82.0,6.0,16.0,1.0,2.0,0.0,0.0,1.0,0.065,8.0,0.4065999999999999,0.0,0.0,2.0,0.1044,0.0,0.0,0.0,0.0,1.0,0.0126,2.0,0.159,0.0,0.0,0.0,0.0,2.0,0.1158,0.0,0.0,0.0,0.0,0.0,0.0,0.0,0.0,0.0,1.0,0.0,0.0,0.0,0.0,0.0,0.0,10.0,0.565,0.0,0.0,0.0,0.0,0.0,0.0,0.0,0.0,0.0,16.0
138,NER,Niger,False,7,0.1672,54.0,3.0,7.0,1.0,2.0,1.0,0.0376,0.0,0.0,5.0,0.1226,0.0,0.0,0.0,0.0,0.0,0.0,0.0,0.0,1.0,0.007,0.0,0.0,0.0,0.0,0.0,0.0,0.0,0.0,0.0,0.0,0.0,0.0,0.0,0.0,0.0,0.0,0.0,7.0,0.0,0.0,0.0,0.0,0.0,0.0,5.0,0.1061999999999999,0.0,0.0,0.0,0.0,0.0,0.0,0.0,0.0,0.0,7.0
139,NGA,Nigeria,False,13,6.26,1074.0,3.0,13.0,6.0,4.0,0.0,0.0,9.0,4.35,0.0,0.0,0.0,0.0,3.0,1.9,0.0,0.0,0.0,0.0,1.0,0.01,0.0,0.0,0.0,0.0,0.0,0.0,0.0,0.0,0.0,0.0,0.0,0.0,0.0,0.0,0.0,0.0,0.0,13.0,0.0,0.0,0.0,0.0,0.0,0.0,11.0,6.025,0.0,0.0,0.0,0.0,0.0,0.0,0.0,0.0,0.0,13.0
140,NIU,Niue,False,0,,,,,,,,,,,,,,,,,,,,,,,,,,,,,,,,,,,,,,,,,,,,,,,,,,,,,,,,,,
141,PRK,North Korea,False,31,9.208,1600.0,2.0,31.0,5.0,2.0,16.0,5.403,0.0,0.0,0.0,0.0,0.0,0.0,15.0,3.805,0.0,0.0,0.0,0.0,0.0,0.0,0.0,0.0,0.0,0.0,0.0,0.0,0.0,0.0,0.0,0.0,0.0,0.0,0.0,0.0,0.0,0.0,0.0,31.0,0.0,0.0,0.0,0.0,0.0,0.0,13.0,4.821,0.0,0.0,0.0,0.0,0.0,0.0,0.0,0.0,0.0,31.0
142,NOR,Norway,False,306,32.551,1444.0,3.0,306.0,1.0,1.0,0.0,0.0,5.0,1.454,0.0,0.0,0.0,0.0,291.0,30.474,0.0,0.0,10.0,0.623,0.0,0.0,0.0,0.0,0.0,0.0,0.0,0.0,0.0,0.0,0.0,0.0,0.0,0.0,0.0,0.0,0.0,0.0,0.0,306.0,0.0,0.0,0.0,0.0,0.0,0.0,278.0,27.667,0.0,0.0,0.0,0.0,0.0,0.0,0.0,0.0,0.0,306.0
143,OMN,Oman,False,12,6.010800000000001,1021.0,2.0,12.0,1.0,3.0,0.0,0.0,9.0,4.872,0.0,0.0,0.0,0.0,0.0,0.0,0.0,0.0,0.0,0.0,3.0,1.1388000000000005,0.0,0.0,0.0,0.0,0.0,0.0,0.0,0.0,0.0,0.0,0.0,0.0,0.0,0.0,0.0,0.0,0.0,12.0,0.0,0.0,0.0,0.0,0.0,0.0,8.0,4.401,0.0,0.0,0.0,0.0,0.0,0.0,0.0,0.0,0.0,12.0
144,PAK,Pakistan,False,62,21.455,3478.0,7.0,62.0,23.0,19.0,7.0,3.108,13.0,2.853,14.0,4.853,0.0,0.0,13.0,7.9896,2.0,1.467,7.0,0.506,6.0,0.6784,0.0,0.0,0.0,0.0,0.0,0.0,0.0,0.0,0.0,0.0,0.0,0.0,0.0,0.0,0.0,0.0,0.0,62.0,0.0,0.0,0.0,0.0,0.0,0.0,33.0,14.768,0.0,0.0,0.0,0.0,0.0,0.0,0.0,0.0,0.0,62.0
145,PSE,Palestine,False,1,0.0076,7.6,1.0,1.0,1.0,1.0,0.0,0.0,0.0,0.0,0.0,0.0,0.0,0.0,0.0,0.0,0.0,0.0,0.0,0.0,1.0,0.0076,0.0,0.0,0.0,0.0,0.0,0.0,0.0,0.0,0.0,0.0,0.0,0.0,0.0,0.0,0.0,0.0,0.0,1.0,0.0,0.0,0.0,0.0,0.0,0.0,0.0,0.0,1.0,0.0,0.0,0.0,0.0,0.0,0.0,0.0,0.0,0.0
146,PAN,Panama,False,17,1.6332,300.0,5.0,17.0,1.0,2.0,1.0,0.12,1.0,0.16,4.0,0.2623999999999999,0.0,0.0,8.0,1.0629000000000002,0.0,0.0,0.0,0.0,3.0,0.0278999999999999,0.0,0.0,0.0,0.0,0.0,0.0,0.0,0.0,0.0,0.0,0.0,0.0,0.0,0.0,0.0,0.0,0.0,3.0,0.0,0.0,0.0,0.0,0.0,0.0,10.0,1.1821,0.0,0.0,0.0,0.0,0.0,0.0,0.0,0.0,0.0,17.0
147,PNG,Papua New Guinea,False,15,0.4069,75.0,4.0,15.0,6.0,7.0,0.0,0.0,1.0,0.072,7.0,0.1399,0.0,0.0,6.0,0.165,0.0,0.0,0.0,0.0,0.0,0.0,1.0,0.03,0.0,0.0,0.0,0.0,0.0,0.0,0.0,0.0,0.0,0.0,0.0,0.0,0.0,0.0,0.0,15.0,0.0,0.0,0.0,0.0,0.0,0.0,12.0,0.35,15.0,0.0,0.0,0.0,0.0,0.0,0.0,0.0,0.0,0.0
148,PRY,Paraguay,False,3,8.76,7000.0,1.0,3.0,3.0,2.0,0.0,0.0,0.0,0.0,0.0,0.0,0.0,0.0,3.0,8.76,0.0,0.0,0.0,0.0,0.0,0.0,0.0,0.0,0.0,0.0,0.0,0.0,0.0,0.0,0.0,0.0,0.0,0.0,0.0,0.0,0.0,0.0,0.0,3.0,0.0,0.0,0.0,0.0,0.0,0.0,1.0,0.21,0.0,0.0,0.0,0.0,0.0,0.0,0.0,0.0,0.0,3.0
149,PER,Peru,False,32,7.4321,952.3,5.0,32.0,21.0,2.0,1.0,0.132,9.0,4.262200000000001,0.0,0.0,0.0,0.0,14.0,2.7354000000000003,0.0,0.0,2.0,0.062,6.0,0.2405,0.0,0.0,0.0,0.0,0.0,0.0,0.0,0.0,0.0,0.0,0.0,0.0,0.0,0.0,0.0,0.0,0.0,32.0,0.0,0.0,0.0,0.0,0.0,0.0,25.0,5.5005,0.0,0.0,0.0,30.0,0.0,0.0,0.0,0.0,30.0,32.0
150,PHL,Philippines,False,123,20.7193,1271.0,8.0,123.0,48.0,3.0,23.0,8.7313,5.0,3.411,17.0,2.0561,0.0,0.0,17.0,3.4011,0.0,0.0,2.0,0.0519,48.0,1.1963999999999997,9.0,1.8482,2.0,0.0233,0.0,0.0,0.0,0.0,0.0,0.0,0.0,0.0,0.0,0.0,0.0,0.0,0.0,123.0,0.0,0.0,0.0,0.0,0.0,0.0,54.0,13.13,0.0,0.0,0.0,0.0,0.0,0.0,0.0,0.0,0.0,123.0
151,POL,Poland,True,189,37.902,5472.0,7.0,188.0,64.0,54.0,76.0,31.359,16.0,1.906,2.0,0.655,0.0,0.0,32.0,2.078,0.0,0.0,59.0,2.174,9.0,0.017,0.0,0.0,16.0,5.98,0.0,0.0,0.0,0.0,0.0,0.0,0.0,0.0,0.0,0.0,0.0,0.0,0.0,189.0,0.0,0.0,0.0,0.0,0.0,0.0,35.0,23.131,0.0,0.0,0.0,36.0,28.0,29.0,0.0,0.0,37.0,189.0
152,PRT,Portugal,True,469,14.74486400000001,1296.0,8.0,462.0,3.0,4.0,2.0,1.978,4.0,3.829,0.0,0.0,0.0,0.0,122.0,2.760449999999997,0.0,0.0,224.0,4.942329999999999,72.0,0.6215839999999999,2.0,0.0288,19.0,0.4528999999999999,0.0,0.0,24.0,0.1317999999999999,0.0,0.0,0.0,0.0,0.0,0.0,0.0,0.0,0.0,469.0,0.0,0.0,0.0,0.0,0.0,0.0,291.0,11.065550000000009,0.0,0.0,0.0,8.0,10.0,10.0,0.0,0.0,10.0,469.0
153,PRI,Puerto Rico,False,0,,,,,,,,,,,,,,,,,,,,,,,,,,,,,,,,,,,,,,,,,,,,,,,,,,,,,,,,,,
154,QAT,Qatar,False,12,10.548,2730.0,1.0,12.0,1.0,1.0,0.0,0.0,12.0,10.548,0.0,0.0,0.0,0.0,0.0,0.0,0.0,0.0,0.0,0.0,0.0,0.0,0.0,0.0,0.0,0.0,0.0,0.0,0.0,0.0,0.0,0.0,0.0,0.0,0.0,0.0,0.0,0.0,0.0,0.0,0.0,0.0,0.0,0.0,0.0,0.0,7.0,5.966,0.0,0.0,0.0,0.0,0.0,0.0,0.0,0.0,0.0,12.0
155,REU,Reunion,False,0,,,,,,,,,,,,,,,,,,,,,,,,,,,,,,,,,,,,,,,,,,,,,,,,,,,,,,,,,,
156,ROU,Romania,True,68,14.6469,1650.0,6.0,68.0,7.0,4.0,10.0,5.807,8.0,3.352,0.0,0.0,0.0,0.0,10.0,3.332,1.0,1.298,3.0,0.386,36.0,0.4719,0.0,0.0,0.0,0.0,0.0,0.0,0.0,0.0,0.0,0.0,0.0,0.0,0.0,0.0,0.0,0.0,0.0,68.0,0.0,0.0,0.0,0.0,0.0,0.0,15.0,8.156,0.0,0.0,0.0,15.0,15.0,15.0,0.0,0.0,15.0,68.0
157,RUS,Russia,False,545,228.22005000000004,8865.0,10.0,545.0,152.0,13.0,99.0,46.97921999999999,266.0,113.43262,79.0,51.79212,0.0,0.0,105.0,45.59143999999999,10.0,28.168,3.0,0.0423,57.0,0.8407,3.0,0.074,4.0,2.073,0.0,0.0,0.0,0.0,0.0,0.0,0.0,0.0,2.0,0.0297,0.0,0.0,0.0,545.0,0.0,0.0,0.0,0.0,0.0,0.0,93.0,98.55755,9.0,0.0,0.0,0.0,0.0,0.0,0.0,0.0,0.0,536.0
158,RWA,Rwanda,False,11,0.19368,43.8,5.0,11.0,5.0,5.0,0.0,0.0,1.0,0.026,2.0,0.0278,0.0,0.0,6.0,0.1276,0.0,0.0,0.0,0.0,1.0,0.0085,0.0,0.0,0.0,0.0,0.0,0.0,1.0,0.00378,0.0,0.0,0.0,0.0,0.0,0.0,0.0,0.0,0.0,11.0,0.0,0.0,0.0,0.0,0.0,0.0,6.0,0.0818,11.0,0.0,0.0,0.0,0.0,0.0,0.0,0.0,0.0,0.0
159,SHN,Saint Helena,False,0,,,,,,,,,,,,,,,,,,,,,,,,,,,,,,,,,,,,,,,,,,,,,,,,,,,,,,,,,,
160,KNA,Saint Kitts and Nevis,False,0,,,,,,,,,,,,,,,,,,,,,,,,,,,,,,,,,,,,,,,,,,,,,,,,,,,,,,,,,,
161,LCA,Saint Lucia,False,1,0.003,3.0,1.0,1.0,1.0,1.0,0.0,0.0,0.0,0.0,0.0,0.0,0.0,0.0,0.0,0.0,0.0,0.0,0.0,0.0,1.0,0.003,0.0,0.0,0.0,0.0,0.0,0.0,0.0,0.0,0.0,0.0,0.0,0.0,0.0,0.0,0.0,0.0,0.0,1.0,0.0,0.0,0.0,0.0,0.0,0.0,0.0,0.0,1.0,0.0,0.0,0.0,0.0,0.0,0.0,0.0,0.0,0.0
162,SPM,Saint Pierre and Miquelon,False,0,,,,,,,,,,,,,,,,,,,,,,,,,,,,,,,,,,,,,,,,,,,,,,,,,,,,,,,,,,
163,VCT,Saint Vincent and the Grenadines,False,0,,,,,,,,,,,,,,,,,,,,,,,,,,,,,,,,,,,,,,,,,,,,,,,,,,,,,,,,,,
164,WSM,Samoa,False,0,,,,,,,,,,,,,,,,,,,,,,,,,,,,,,,,,,,,,,,,,,,,,,,,,,,,,,,,,,
165,STP,Sao Tome and Principe,False,0,,,,,,,,,,,,,,,,,,,,,,,,,,,,,,,,,,,,,,,,,,,,,,,,,,,,,,,,,,
166,SAU,Saudi Arabia,False,90,84.34154999999997,6794.0,3.0,90.0,17.0,4.0,0.0,0.0,35.0,40.36232,61.0,67.88875000000002,0.0,0.0,0.0,0.0,0.0,0.0,0.0,0.0,6.0,0.137,0.0,0.0,0.0,0.0,0.0,0.0,0.0,0.0,0.0,0.0,0.0,0.0,0.0,0.0,0.0,0.0,0.0,90.0,0.0,0.0,0.0,0.0,0.0,0.0,59.0,62.535500000000006,0.0,0.0,0.0,0.0,0.0,0.0,0.0,0.0,0.0,90.0
167,SEN,Senegal,False,10,0.69616,327.0,3.0,10.0,1.0,2.0,0.0,0.0,0.0,0.0,5.0,0.47046,0.0,0.0,1.0,0.12,0.0,0.0,0.0,0.0,4.0,0.1056999999999999,0.0,0.0,0.0,0.0,0.0,0.0,0.0,0.0,0.0,0.0,0.0,0.0,0.0,0.0,0.0,0.0,0.0,10.0,0.0,0.0,0.0,0.0,0.0,0.0,4.0,0.4551,0.0,0.0,0.0,0.0,0.0,0.0,0.0,0.0,0.0,10.0
168,SRB,Serbia,False,12,7.958,1730.0,2.0,12.0,1.0,1.0,8.0,5.568,0.0,0.0,0.0,0.0,0.0,0.0,4.0,2.39,0.0,0.0,0.0,0.0,0.0,0.0,0.0,0.0,0.0,0.0,0.0,0.0,0.0,0.0,0.0,0.0,0.0,0.0,0.0,0.0,0.0,0.0,0.0,12.0,0.0,0.0,0.0,0.0,0.0,0.0,7.0,3.478,0.0,0.0,0.0,8.0,0.0,0.0,0.0,0.0,8.0,12.0
169,SYC,Seychelles,False,0,,,,,,,,,,,,,,,,,,,,,,,,,,,,,,,,,,,,,,,,,,,,,,,,,,,,,,,,,,
170,SLE,Sierra Leone,False,3,0.126,53.0,2.0,3.0,2.0,2.0,0.0,0.0,0.0,0.0,2.0,0.076,0.0,0.0,1.0,0.05,0.0,0.0,0.0,0.0,0.0,0.0,0.0,0.0,0.0,0.0,0.0,0.0,0.0,0.0,0.0,0.0,0.0,0.0,0.0,0.0,0.0,0.0,0.0,3.0,0.0,0.0,0.0,0.0,0.0,0.0,3.0,0.126,3.0,0.0,0.0,0.0,0.0,0.0,0.0,0.0,0.0,0.0
171,SGP,Singapore,False,14,13.66,2807.0,3.0,14.0,1.0,1.0,0.0,0.0,8.0,9.552,3.0,3.95,0.0,0.0,0.0,0.0,0.0,0.0,0.0,0.0,0.0,0.0,0.0,0.0,0.0,0.0,0.0,0.0,3.0,0.158,0.0,0.0,0.0,0.0,0.0,0.0,0.0,0.0,0.0,0.0,0.0,0.0,0.0,0.0,0.0,0.0,10.0,10.725,0.0,0.0,0.0,0.0,0.0,0.0,0.0,0.0,0.0,14.0
172,SVK,Slovakia,True,30,6.230860000000001,880.0,5.0,30.0,1.0,2.0,2.0,1.398,3.0,0.728,0.0,0.0,0.0,0.0,21.0,2.32086,2.0,1.76,0.0,0.0,2.0,0.024,0.0,0.0,0.0,0.0,0.0,0.0,0.0,0.0,0.0,0.0,0.0,0.0,0.0,0.0,0.0,0.0,0.0,2.0,0.0,0.0,0.0,0.0,0.0,0.0,26.0,6.03326,0.0,0.0,0.0,0.0,0.0,5.0,0.0,0.0,5.0,30.0
173,SVN,Slovenia,True,8,2.736,1099.0,4.0,8.0,1.0,1.0,3.0,1.321,1.0,0.297,0.0,0.0,0.0,0.0,3.0,0.422,1.0,0.696,0.0,0.0,0.0,0.0,0.0,0.0,0.0,0.0,0.0,0.0,0.0,0.0,0.0,0.0,0.0,0.0,0.0,0.0,0.0,0.0,0.0,8.0,0.0,0.0,0.0,0.0,0.0,0.0,4.0,2.208,0.0,0.0,0.0,5.0,4.0,4.0,0.0,0.0,5.0,8.0
174,SLB,Solomon Islands,False,0,,,,,,,,,,,,,,,,,,,,,,,,,,,,,,,,,,,,,,,,,,,,,,,,,,,,,,,,,,
175,SOM,Somalia,False,0,,,,,,,,,,,,,,,,,,,,,,,,,,,,,,,,,,,,,,,,,,,,,,,,,,,,,,,,,,
176,ZAF,South Africa,False,104,50.4227,4116.0,10.0,104.0,63.0,40.0,17.0,39.794,2.0,0.342,3.0,2.238,0.0,0.0,6.0,2.01957,1.0,1.8,24.0,2.0309,44.0,2.3130400000000004,0.0,0.0,2.0,0.0136,0.0,0.0,6.0,0.04259,0.0,0.0,0.0,0.0,1.0,4.11,0.0,0.0,0.0,104.0,0.0,0.0,0.0,0.0,0.0,0.0,66.0,46.28202,1.0,0.0,0.0,0.0,0.0,0.0,0.0,0.0,0.0,103.0
177,KOR,South Korea,False,132,99.47268,5900.0,10.0,128.0,36.0,24.0,18.0,33.133,33.0,31.5529,3.0,4.655,0.0,0.0,36.0,6.06306,6.0,23.076,12.0,0.4011,17.0,0.1605,0.0,0.0,3.0,1.908,0.0,0.0,4.0,0.06912,1.0,0.254,0.0,0.0,0.0,0.0,0.0,0.0,0.0,132.0,0.0,0.0,0.0,0.0,0.0,0.0,87.0,72.3287,1.0,0.0,0.0,0.0,0.0,0.0,0.0,0.0,0.0,131.0
178,ESP,Spain,True,829,79.03506800000001,2016.9,9.0,825.0,324.0,2.0,15.0,8.78331,61.0,28.062494,27.0,5.200470999999999,0.0,0.0,124.0,15.659136000000004,5.0,7.12006,342.0,11.337380000000008,243.0,4.901313000000002,0.0,0.0,1.0,0.02,0.0,0.0,15.0,0.388054,0.0,0.0,0.0,0.0,0.0,0.0,0.0,0.0,0.0,829.0,0.0,0.0,0.0,0.0,0.0,0.0,475.0,64.22550799999999,0.0,0.0,0.0,53.0,52.0,52.0,0.0,0.0,54.0,829.0
179,LKA,Sri Lanka,False,48,3.7201,900.0,5.0,47.0,19.0,8.0,1.0,0.9,0.0,0.0,9.0,1.205,0.0,0.0,21.0,1.4417,0.0,0.0,14.0,0.129,3.0,0.0444,0.0,0.0,0.0,0.0,0.0,0.0,0.0,0.0,0.0,0.0,0.0,0.0,0.0,0.0,0.0,0.0,0.0,48.0,0.0,0.0,0.0,0.0,0.0,0.0,30.0,2.1067,0.0,0.0,0.0,0.0,0.0,0.0,0.0,0.0,0.0,48.0
180,SDN,Sudan,False,19,2.7981100000000003,1250.0,4.0,18.0,1.0,1.0,0.0,0.0,1.0,0.319,10.0,0.8131,0.0,0.0,6.0,1.54001,0.0,0.0,0.0,0.0,0.0,0.0,0.0,0.0,2.0,0.126,0.0,0.0,0.0,0.0,0.0,0.0,0.0,0.0,0.0,0.0,0.0,0.0,0.0,19.0,0.0,0.0,0.0,0.0,0.0,0.0,11.0,1.96781,0.0,0.0,0.0,0.0,0.0,0.0,0.0,0.0,0.0,19.0
181,SUR,Suriname,False,1,0.005,5.0,1.0,1.0,1.0,1.0,0.0,0.0,0.0,0.0,0.0,0.0,0.0,0.0,0.0,0.0,0.0,0.0,0.0,0.0,1.0,0.005,0.0,0.0,0.0,0.0,0.0,0.0,0.0,0.0,0.0,0.0,0.0,0.0,0.0,0.0,0.0,0.0,0.0,1.0,0.0,0.0,0.0,0.0,0.0,0.0,0.0,0.0,0.0,0.0,0.0,0.0,0.0,0.0,0.0,0.0,0.0,1.0
182,SWZ,Swaziland,False,6,0.0948,20.8,2.0,6.0,1.0,1.0,0.0,0.0,0.0,0.0,0.0,0.0,0.0,0.0,3.0,0.0508,0.0,0.0,0.0,0.0,0.0,0.0,0.0,0.0,3.0,0.044,0.0,0.0,0.0,0.0,0.0,0.0,0.0,0.0,0.0,0.0,0.0,0.0,0.0,6.0,0.0,0.0,0.0,0.0,0.0,0.0,6.0,0.0948,6.0,0.0,0.0,0.0,0.0,0.0,0.0,0.0,0.0,0.0
183,SWE,Sweden,True,168,26.4187,3932.0,7.0,168.0,14.0,11.0,1.0,0.08,3.0,1.34,1.0,0.84,0.0,0.0,142.0,12.822899999999995,3.0,9.762,10.0,0.6971,0.0,0.0,0.0,0.0,8.0,0.8767,0.0,0.0,0.0,0.0,0.0,0.0,0.0,0.0,0.0,0.0,0.0,0.0,0.0,168.0,0.0,0.0,0.0,0.0,0.0,0.0,153.0,22.2555,0.0,0.0,0.0,0.0,21.0,22.0,0.0,0.0,22.0,168.0
184,CHE,Switzerland,False,168,13.118000000000002,1285.0,3.0,168.0,5.0,2.0,0.0,0.0,0.0,0.0,0.0,0.0,0.0,0.0,162.0,9.6678,4.0,3.43,0.0,0.0,2.0,0.0202,0.0,0.0,0.0,0.0,0.0,0.0,0.0,0.0,0.0,0.0,0.0,0.0,0.0,0.0,0.0,0.0,0.0,168.0,0.0,0.0,0.0,0.0,0.0,0.0,152.0,10.65063,0.0,0.0,0.0,0.0,0.0,0.0,0.0,0.0,0.0,168.0
185,SYR,Syrian Arab Republic,False,18,7.966,1065.0,3.0,18.0,1.0,1.0,0.0,0.0,8.0,2.914,7.0,3.547,0.0,0.0,3.0,1.505,0.0,0.0,0.0,0.0,0.0,0.0,0.0,0.0,0.0,0.0,0.0,0.0,0.0,0.0,0.0,0.0,0.0,0.0,0.0,0.0,0.0,0.0,0.0,0.0,0.0,0.0,0.0,0.0,0.0,0.0,17.0,7.918,0.0,0.0,0.0,0.0,0.0,0.0,0.0,0.0,0.0,18.0
186,TWN,Taiwan,False,39,37.21186,5500.0,7.0,39.0,4.0,4.0,7.0,14.19,9.0,11.673,1.0,2.0,0.0,0.0,9.0,3.8255,3.0,5.214,7.0,0.19506,3.0,0.1143,0.0,0.0,0.0,0.0,0.0,0.0,0.0,0.0,0.0,0.0,0.0,0.0,0.0,0.0,0.0,0.0,0.0,39.0,0.0,0.0,0.0,0.0,0.0,0.0,23.0,26.81646,0.0,0.0,0.0,0.0,0.0,0.0,0.0,0.0,0.0,39.0
187,TJK,Tajikistan,False,10,5.296399999999999,3015.0,3.0,10.0,3.0,1.0,1.0,0.43,0.0,0.0,2.0,0.61,0.0,0.0,8.0,4.6864,0.0,0.0,0.0,0.0,0.0,0.0,0.0,0.0,0.0,0.0,0.0,0.0,0.0,0.0,0.0,0.0,0.0,0.0,0.0,0.0,0.0,0.0,0.0,10.0,0.0,0.0,0.0,0.0,0.0,0.0,9.0,5.1164,0.0,0.0,0.0,0.0,0.0,0.0,0.0,0.0,0.0,10.0
188,TZA,Tanzania,False,11,0.9945,207.5,3.0,11.0,2.0,2.0,0.0,0.0,4.0,0.3335,1.0,0.1,0.0,0.0,6.0,0.561,0.0,0.0,0.0,0.0,0.0,0.0,0.0,0.0,0.0,0.0,0.0,0.0,0.0,0.0,0.0,0.0,0.0,0.0,0.0,0.0,0.0,0.0,0.0,11.0,0.0,0.0,0.0,0.0,0.0,0.0,10.0,0.9765,0.0,0.0,0.0,0.0,0.0,0.0,0.0,0.0,0.0,11.0
189,THA,Thailand,False,196,39.654300000000006,4384.0,6.0,193.0,78.0,26.0,5.0,5.26,33.0,28.959,0.0,0.0,0.0,0.0,10.0,3.788,0.0,0.0,2.0,0.21,141.0,1.3487000000000011,0.0,0.0,5.0,0.0886,0.0,0.0,0.0,0.0,0.0,0.0,0.0,0.0,0.0,0.0,0.0,0.0,0.0,196.0,0.0,0.0,0.0,0.0,0.0,0.0,53.0,30.873900000000003,0.0,0.0,0.0,0.0,0.0,0.0,0.0,0.0,0.0,196.0
190,TLS,Timor-Leste,False,0,,,,,,,,,,,,,,,,,,,,,,,,,,,,,,,,,,,,,,,,,,,,,,,,,,,,,,,,,,
191,TGO,Togo,False,3,0.195114,101.214,3.0,3.0,1.0,1.0,0.0,0.0,1.0,0.0283,1.0,0.101214,0.0,0.0,1.0,0.0655999999999999,0.0,0.0,0.0,0.0,0.0,0.0,0.0,0.0,0.0,0.0,0.0,0.0,0.0,0.0,0.0,0.0,0.0,0.0,0.0,0.0,0.0,0.0,0.0,3.0,0.0,0.0,0.0,0.0,0.0,0.0,2.0,0.166814,0.0,0.0,0.0,0.0,0.0,0.0,0.0,0.0,0.0,3.0
192,TON,Tonga,False,0,,,,,,,,,,,,,,,,,,,,,,,,,,,,,,,,,,,,,,,,,,,,,,,,,,,,,,,,,,
193,TTO,Trinidad and Tobago,False,6,2.1446,852.0,2.0,6.0,3.0,2.0,0.0,0.0,5.0,2.1336,2.0,0.271,0.0,0.0,0.0,0.0,0.0,0.0,0.0,0.0,0.0,0.0,0.0,0.0,0.0,0.0,0.0,0.0,0.0,0.0,0.0,0.0,0.0,0.0,0.0,0.0,0.0,0.0,0.0,6.0,0.0,0.0,0.0,0.0,0.0,0.0,6.0,2.1446,0.0,0.0,0.0,0.0,0.0,0.0,0.0,0.0,0.0,6.0
194,TUN,Tunisia,False,27,5.0522,700.0,3.0,26.0,1.0,1.0,0.0,0.0,19.0,4.856,0.0,0.0,0.0,0.0,6.0,0.0542,0.0,0.0,2.0,0.142,0.0,0.0,0.0,0.0,0.0,0.0,0.0,0.0,0.0,0.0,0.0,0.0,0.0,0.0,0.0,0.0,0.0,0.0,0.0,27.0,0.0,0.0,0.0,0.0,0.0,0.0,25.0,4.9102,0.0,0.0,0.0,0.0,0.0,0.0,0.0,0.0,0.0,27.0
195,TUR,Turkey,False,163,51.4447,2795.0,7.0,163.0,36.0,3.0,24.0,17.707,22.0,18.691,3.0,0.8426,0.0,0.0,28.0,13.839,0.0,0.0,8.0,0.3905,68.0,0.6946,11.0,0.48,0.0,0.0,0.0,0.0,0.0,0.0,0.0,0.0,0.0,0.0,0.0,0.0,0.0,0.0,0.0,163.0,0.0,0.0,0.0,0.0,0.0,0.0,41.0,23.1865,0.0,0.0,0.0,0.0,0.0,0.0,0.0,0.0,0.0,163.0
196,TKM,Turkmenistan,False,7,3.454,1685.0,2.0,7.0,1.0,1.0,0.0,0.0,5.0,1.179,2.0,2.275,0.0,0.0,0.0,0.0,0.0,0.0,0.0,0.0,0.0,0.0,0.0,0.0,0.0,0.0,0.0,0.0,0.0,0.0,0.0,0.0,0.0,0.0,0.0,0.0,0.0,0.0,0.0,0.0,0.0,0.0,0.0,0.0,0.0,0.0,7.0,3.454,0.0,0.0,0.0,0.0,0.0,0.0,0.0,0.0,0.0,7.0
197,TCA,Turks and Caicos Islands,False,0,,,,,,,,,,,,,,,,,,,,,,,,,,,,,,,,,,,,,,,,,,,,,,,,,,,,,,,,,,
198,UGA,Uganda,False,11,0.7725,250.0,4.0,11.0,1.0,2.0,0.0,0.0,0.0,0.0,1.0,0.05,0.0,0.0,6.0,0.6665,0.0,0.0,0.0,0.0,3.0,0.044,0.0,0.0,1.0,0.012,0.0,0.0,0.0,0.0,0.0,0.0,0.0,0.0,0.0,0.0,0.0,0.0,0.0,11.0,0.0,0.0,0.0,0.0,0.0,0.0,8.0,0.7285,11.0,0.0,0.0,0.0,0.0,0.0,0.0,0.0,0.0,0.0
199,UKR,Ukraine,False,64,48.5698,6000.0,5.0,64.0,13.0,8.0,21.0,26.55,2.0,1.74,0.0,0.0,0.0,0.0,10.0,5.729,4.0,13.835,0.0,0.0,27.0,0.7158,0.0,0.0,0.0,0.0,0.0,0.0,0.0,0.0,0.0,0.0,0.0,0.0,0.0,0.0,0.0,0.0,0.0,64.0,0.0,0.0,0.0,0.0,0.0,0.0,30.0,43.154,0.0,0.0,0.0,0.0,0.0,0.0,0.0,0.0,0.0,64.0
200,ARE,United Arab Emirates,False,30,30.327,4889.0,3.0,30.0,14.0,2.0,0.0,0.0,24.0,29.487,24.0,29.487,0.0,0.0,0.0,0.0,0.0,0.0,0.0,0.0,6.0,0.84,0.0,0.0,0.0,0.0,0.0,0.0,0.0,0.0,0.0,0.0,0.0,0.0,0.0,0.0,0.0,0.0,0.0,30.0,0.0,0.0,0.0,0.0,0.0,0.0,17.0,20.081,0.0,0.0,0.0,0.0,0.0,0.0,0.0,0.0,0.0,30.0
201,GBR,United Kingdom,False,2751,97.15528448000003,2180.0,12.0,2738.0,1353.0,5.0,8.0,12.296,55.0,29.9163,11.0,0.3723999999999999,0.0,0.0,119.0,6.364904999999998,8.0,8.918,780.0,23.202481500000005,1170.0,8.674997980000002,0.0,0.0,227.0,3.5637,8.0,4.206,329.0,1.8855999999999995,7.0,0.0382,31.0,0.8966999999999999,0.0,0.0,0.0,0.0,0.0,2751.0,0.0,0.0,0.0,0.0,0.0,0.0,1095.0,62.46824173,38.0,0.0,0.0,4.0,5.0,2.0,0.0,0.0,8.0,2713.0
202,USA,United States of America,False,9833,1204.638049999999,6809.0,14.0,9817.0,4596.0,15.0,360.0,285.13679999999994,2290.0,648.2862000000003,1731.0,367.0378999999994,30.0,19.7223,1481.0,104.45969999999998,58.0,104.2331,1153.0,105.01529999999995,3333.0,46.61915000000014,65.0,3.8891999999999993,203.0,11.940099999999996,39.0,1.4019,640.0,22.18220000000003,0.0,0.0,155.0,5.1979,85.0,15.607800000000005,0.0,0.0,0.0,44.0,0.0,0.0,0.0,0.0,0.0,0.0,5083.0,1008.3461,21.0,6145.0,6562.0,7011.0,7746.0,8370.0,8950.0,9659.0,9715.0,3172.0
203,URY,Uruguay,False,73,4.20912,945.0,6.0,73.0,1.0,1.0,0.0,0.0,3.0,0.26572,4.0,0.38574,0.0,0.0,4.0,1.538,0.0,0.0,39.0,1.3819500000000002,13.0,0.22501,0.0,0.0,10.0,0.4127,0.0,0.0,0.0,0.0,0.0,0.0,0.0,0.0,0.0,0.0,0.0,0.0,0.0,0.0,0.0,0.0,0.0,0.0,0.0,0.0,20.0,1.51002,0.0,0.0,0.0,0.0,0.0,0.0,0.0,0.0,0.0,73.0
204,UZB,Uzbekistan,False,16,12.64,3000.0,5.0,16.0,2.0,4.0,2.0,2.522,6.0,8.578,1.0,0.3,0.0,0.0,6.0,1.14,0.0,0.0,0.0,0.0,1.0,0.1,0.0,0.0,0.0,0.0,0.0,0.0,0.0,0.0,0.0,0.0,0.0,0.0,0.0,0.0,0.0,0.0,0.0,16.0,0.0,0.0,0.0,0.0,0.0,0.0,15.0,12.54,0.0,0.0,0.0,0.0,0.0,0.0,0.0,0.0,0.0,16.0
205,VUT,Vanuatu,False,0,,,,,,,,,,,,,,,,,,,,,,,,,,,,,,,,,,,,,,,,,,,,,,,,,,,,,,,,,,
206,VEN,Venezuela,False,43,31.096,8851.0,2.0,43.0,6.0,2.0,0.0,0.0,34.0,13.43,0.0,0.0,0.0,0.0,9.0,17.666,0.0,0.0,0.0,0.0,0.0,0.0,0.0,0.0,0.0,0.0,0.0,0.0,0.0,0.0,0.0,0.0,0.0,0.0,0.0,0.0,0.0,0.0,0.0,43.0,0.0,0.0,0.0,0.0,0.0,0.0,34.0,24.789,0.0,36.0,0.0,0.0,0.0,0.0,0.0,0.0,36.0,43.0
207,VNM,Vietnam,False,236,41.35049,2400.0,7.0,235.0,145.0,5.0,24.0,14.125,9.0,7.734,6.0,0.915,0.0,0.0,174.0,16.75009,0.0,0.0,5.0,0.188,16.0,1.6163999999999998,0.0,0.0,2.0,0.022,0.0,0.0,0.0,0.0,0.0,0.0,0.0,0.0,0.0,0.0,0.0,0.0,0.0,236.0,0.0,0.0,0.0,0.0,0.0,0.0,165.0,35.63959,0.0,0.0,0.0,0.0,156.0,0.0,0.0,0.0,156.0,236.0
208,ESH,Western Sahara,False,1,0.0233999999999999,23.4,1.0,1.0,1.0,1.0,0.0,0.0,0.0,0.0,1.0,0.0233999999999999,0.0,0.0,0.0,0.0,0.0,0.0,0.0,0.0,0.0,0.0,0.0,0.0,0.0,0.0,0.0,0.0,0.0,0.0,0.0,0.0,0.0,0.0,0.0,0.0,0.0,0.0,0.0,0.0,0.0,0.0,0.0,0.0,0.0,0.0,1.0,0.0233999999999999,1.0,0.0,0.0,0.0,0.0,0.0,0.0,0.0,0.0,0.0
209,YEM,Yemen,False,7,1.045,400.0,2.0,7.0,1.0,1.0,0.0,0.0,1.0,0.4,6.0,0.645,0.0,0.0,0.0,0.0,0.0,0.0,0.0,0.0,0.0,0.0,0.0,0.0,0.0,0.0,0.0,0.0,0.0,0.0,0.0,0.0,0.0,0.0,0.0,0.0,0.0,0.0,0.0,7.0,0.0,0.0,0.0,0.0,0.0,0.0,7.0,1.045,0.0,0.0,0.0,0.0,0.0,0.0,0.0,0.0,0.0,7.0
210,ZMB,Zambia,False,15,2.689337,990.0,5.0,15.0,4.0,3.0,1.0,0.3,0.0,0.0,7.0,0.1696,0.0,0.0,5.0,2.16,0.0,0.0,0.0,0.0,1.0,0.0475,0.0,0.0,1.0,0.012237,0.0,0.0,0.0,0.0,0.0,0.0,0.0,0.0,0.0,0.0,0.0,0.0,0.0,15.0,0.0,0.0,0.0,0.0,0.0,0.0,13.0,2.626837,0.0,0.0,0.0,0.0,0.0,0.0,0.0,0.0,0.0,15.0
211,ZWE,Zimbabwe,False,2,1.67,920.0,2.0,2.0,1.0,1.0,1.0,0.92,0.0,0.0,0.0,0.0,0.0,0.0,1.0,0.75,0.0,0.0,0.0,0.0,0.0,0.0,0.0,0.0,0.0,0.0,0.0,0.0,0.0,0.0,0.0,0.0,0.0,0.0,0.0,0.0,0.0,0.0,0.0,0.0,0.0,0.0,0.0,0.0,0.0,0.0,2.0,1.67,0.0,0.0,0.0,0.0,0.0,0.0,0.0,0.0,0.0,2.0
